fecha,id_producto,nombre,marca,almacenamiento,precio,precio_original,descuento_pct,moneda,valoracion,num_valoraciones,url
2026-09-26,1620261,"Samsung Galaxy S26, Negro, 256 GB, 12 GB RAM , 6.3"" FHD+, Exynos 2600, 4300 mAh, Android 16",Samsung,256 GB,799.0,999.0,20.0,EUR,4.7379,6277.0,https://www.mediamarkt.es/es/product/_movil-samsung-galaxy-s26-negro-256-gb-12-gb-ram-63-fhd-exynos-2600-4300-mah-android-16-1620261.html
2026-09-26,1604164,"Samsung Galaxy A17 LTE, Azul, 256 GB, 8 GB RAM, 6.7"", FHD+ Super AMOLED, Mediatek G99 Octa-core, 5000 mAh, Android 15",Samsung,256 GB,259.0,399.0,35.1,EUR,4.65,120.0,https://www.mediamarkt.es/es/product/_movil-samsung-galaxy-a17-lte-azul-256-gb-8-gb-ram-67-fhd-super-amoled-mediatek-g99-octa-core-5000-mah-android-15-1604164.html
2026-09-26,1606144,"Apple iPhone 17 Pro Max, Plata, 256 GB, 5G, 6.9"" OLED Super Retina XDR, Chip A19 Pro, iOS",Apple,256 GB,1319.0,1469.0,10.2,EUR,4.8555,512.0,https://www.mediamarkt.es/es/product/_apple-iphone-17-pro-max-plata-256-gb-5g-69-oled-super-retina-xdr-chip-a19-pro-ios-1606144.html
2026-09-26,1619523,"Google Pixel 10a, Obsidiana, 128GB, 8GB RAM, 6.3"" pOLED a 422,2 ppp, Google Tensor G4, 5100 mAh",Google,128 GB,399.0,549.0,27.3,EUR,4.7418,182.0,https://www.mediamarkt.es/es/product/_movil-google-pixel-10a-obsidiana-128gb-8gb-ram-63-poled-a-4222-ppp-google-tensor-g4-5100-mah-1619523.html
2026-09-26,1592037,"Samsung Galaxy S25, Navy, 128 GB, 12 GB RAM, 6.2"" FHD+ con IA , Snapdragon 8, 4000 mAh, Android 15",Samsung,128 GB,599.0,899.0,33.4,EUR,4.7463,23679.0,https://www.mediamarkt.es/es/product/_movil-samsung-galaxy-s25-navy-128-gb-12-gb-ram-62-fhd-con-ia-snapdragon-8-4000-mah-android-15-1592037.html
2026-09-26,168376646,"HOTWAV Note 13 Max, Negro, Móvil Android, 256 GB, 16 GB RAM, 6,8 "" LCD TFT, Unisoc T606, 5160 mAh",Hotwav,256 GB,129.99,399.99,67.5,EUR,4.1111,36.0,https://www.mediamarkt.es/es/product/_hotwav-note-13-max-negro-movil-android-256-gb-16-gb-ram-68-lcd-tft-unisoc-t606-5160-mah-168376646.html
2026-09-26,142488107,"APPLE iPhone 14 Starlight, Blanco, Móvil iOS, 128 GB, 6 GB RAM, 6,1 "" OLED, Ceramic Shield, Recubrimiento oleofóbico, Anti-huellas, Chip A15 Bionic, 3279 mAh",Apple,128 GB,361.0,,,EUR,4.413,230.0,https://www.mediamarkt.es/es/product/_movil-apple-iphone-14-blanco-128-gb-6-gb-ram-61-apple-a15-bionic-5-nm-3279-mah-ios-16-142488107.html
2026-09-26,174580956,"SAMSUNG Galaxy A57 5G, Azul, Móvil Android, 128 GB, 8 GB RAM, 6,7 "" Super AMOLED Plus, Gorilla Glass Victus+, 120 Hz, , 5000 mAh",Samsung,128 GB,345.37,414.44,16.7,EUR,4.7347,2635.0,https://www.mediamarkt.es/es/product/_samsung-galaxy-a57-5g-dunkelblauw-dunkelblauw-movil-android-128-gb-8-gb-ram-67--174580956.html
2026-09-26,148135313,"SAMSUNG Galaxy A16 4G, Black, Móvil Android, 128 GB, 4 GB RAM, 6,7 "" FHD+ Super AMOLED, Processor, 5,000 mAh",Samsung,128 GB,159.99,165.86,3.5,EUR,4.4112,2162.0,https://www.mediamarkt.es/es/product/_movil-samsung-galaxy-a16-4g-color-4-gb-4-gb-ram-67-processor-android-148135313.html
2026-09-26,1606135,"Apple iPhone 17 Pro, Plata, 256 GB, 5G, 6.3"" OLED Super Retina XDR, Chip A19 Pro, iOS",Apple,256 GB,1179.0,1319.0,10.6,EUR,4.8084,621.0,https://www.mediamarkt.es/es/product/_apple-iphone-17-pro-plata-256-gb-5g-63-oled-super-retina-xdr-chip-a19-pro-ios-1606135.html
2026-09-26,1612746,"Xiaomi Redmi Note 15, Verde bosque, 256 GB, 8 GB RAM, 6.77"" AMOLED FHD+, MediaTek Helio G100-Ultra, 6000 mAh",Xiaomi,256 GB,229.0,249.0,8.0,EUR,4.6709,158.0,https://www.mediamarkt.es/es/product/_movil-xiaomi-redmi-note-15-verde-bosque-256-gb-8-gb-ram-677-amoled-fhd-mediatek-helio-g100-ultra-6000-mah-1612746.html
2026-09-26,1671438,"motorola G86, PANTONE Spellbound, 256GB, 8 GB RAM, 6.67"", Super HD, MediaTek Dimensity 7300, 5200 mAh + Reloj Watch Fit",Motorola,256 GB,239.0,279.0,14.3,EUR,4.625,16.0,https://www.mediamarkt.es/es/product/_movil-motorola-g86-pantone-spellbound-256-gb-8-gb-ram-667-super-hd-mediatek-dimensity-7300-5000-mah-1671438.html
2026-09-26,1606137,"Apple iPhone 17 Pro, Azul oscuro, 256 GB, 5G, 6.3"" OLED Super Retina XDR, Chip A19 Pro, iOS",Apple,256 GB,1179.0,1319.0,10.6,EUR,4.8149,643.0,https://www.mediamarkt.es/es/product/_apple-iphone-17-pro-azul-oscuro-256-gb-5g-63-oled-super-retina-xdr-chip-a19-pro-ios-1606137.html
2026-09-26,1620277,"Samsung Galaxy S26 Ultra, Negro, 256 GB, 12 GB RAM, 6.9"" QHD+, Qualcomm Snapdragon 8 Elite Gen 5, 5000 mAh, Android 16",Samsung,256 GB,1159.0,1449.0,20.0,EUR,4.7881,20731.0,https://www.mediamarkt.es/es/product/_movil-samsung-galaxy-s26-ultra-negro-256-gb-12-gb-ram-69-qhd-qualcomm-snapdragon-8-elite-gen-5-5000-mah-android-16-1620277.html
2026-09-26,1671797,"Xiaomi Redmi Note 17, Morado, 256GB, 6GB RAM, 6.99"" AMOLED, Snapdragon 6s 4G Gen 2, 7700 mAh",Xiaomi,256 GB,299.0,,,EUR,,,https://www.mediamarkt.es/es/product/_movil-xiaomi-redmi-note-17-morado-256gb-6gb-ram-699-amoled-snapdragon-6s-4g-gen-2-7700-mah-1671797.html
2026-09-26,1603222,"Xiaomi Redmi 15C, Negro medianoche, 128GB, 4GB RAM, 6.9"" HD+, MediaTek Helio G81-Ultra, 6000 mAh",Xiaomi,128 GB,129.0,139.0,7.2,EUR,4.2427,103.0,https://www.mediamarkt.es/es/product/_movil-xiaomi-redmi-15c-negro-medianoche-128gb-4gb-ram-69-hd-mediatek-helio-g81-ultra-6000-mah-1603222.html
2026-09-26,1612757,"Xiaomi Redmi Note 15 Pro 5G, Negro, 256 GB, 8 GB RAM, 6.83"" CrystalRes AMOLED, MediaTek Dimensity 7400-Ultra, 6580 mAh",Xiaomi,256 GB,359.0,399.0,10.0,EUR,4.5579,190.0,https://www.mediamarkt.es/es/product/_movil-xiaomi-redmi-note-15-pro-5g-negro-256-gb-8-gb-ram-683-crystalres-amoled-mediatek-dimensity-7400-ultra-6500-mah-1612757.html
2026-09-26,149593302,"SAMSUNG Galaxy S25 Ultra, Titanium Black, Móvil Android, 256 GB, 12 GB RAM, 6,9 "" Dynamic AMOLED 2X, QHD+ (3120x1440 píxeles), Qualcomm Snapdragon 8 Elite, 5000 mAh",Samsung,256 GB,926.0,,,EUR,4.8166,49270.0,https://www.mediamarkt.es/es/product/_movil-samsung-galaxy-s25-ultra-negro-titanio-256-gb-12-gb-ram-69-dynamic-amoled-2x-120-hz-qualcomm-snapdragon-8-elite-5000-mah-149593302.html
2026-09-26,1606145,"Apple iPhone 17 Pro Max, Naranja cósmico, 256 GB, 5G, 6.9"" OLED Super Retina XDR, Chip A19 Pro, iOS",Apple,256 GB,1319.0,1469.0,10.2,EUR,4.8588,510.0,https://www.mediamarkt.es/es/product/_apple-iphone-17-pro-max-naranja-cosmico-256-gb-5g-69-oled-super-retina-xdr-chip-a19-pro-ios-1606145.html
2026-09-26,1612758,"Xiaomi Redmi Note 15 Pro 5G, Azul glaciar, 256 GB, 8 GB RAM, 6.83"" CrystalRes AMOLED, MediaTek Dimensity 7400-Ultra, 6580 mAh",Xiaomi,256 GB,359.0,399.0,10.0,EUR,4.6124,178.0,https://www.mediamarkt.es/es/product/_movil-xiaomi-redmi-note-15-pro-5g-azul-glaciar-256-gb-8-gb-ram-683-crystalres-amoled-mediatek-dimensity-7400-ultra-6500-mah-1612758.html
2026-09-26,1620281,"Samsung Galaxy S26 Ultra, Negro, 512 GB, 12 GB RAM, 6.9"" QHD+, Qualcomm Snapdragon 8 Elite Gen 5, 5000 mAh, Android 16",Samsung,512 GB,1299.0,1649.0,21.2,EUR,4.7765,18612.0,https://www.mediamarkt.es/es/product/_movil-samsung-galaxy-s26-ultra-negro-512-gb-12-gb-ram-69-qhd-qualcomm-snapdragon-8-elite-gen-5-5000-mah-android-16-1620281.html
2026-09-26,1622503,"Samsung Galaxy A57, Azul Oscuro, 256 GB, 8 GB RAM, 6.7"" FHD+, Exynos 1680, 5000 mAh, Android 16",Samsung,256 GB,479.0,609.0,21.3,EUR,4.7397,3738.0,https://www.mediamarkt.es/es/product/_movil-samsung-galaxy-a57-azul-oscuro-256-gb-8-gb-ram-67-fhd-exynos-1680-5000-mah-android-16-1622503.html
2026-09-26,1667601,"Samsung Galaxy A27 5G, Negro, 128 GB, 6 GB RAM, 6.7"" FHD+ Super AMOLED, Qualcomm Snapdragon 6 Gen 3, 5000 mAh, Android 16",Samsung,128 GB,279.0,349.0,20.1,EUR,4.1512,86.0,https://www.mediamarkt.es/es/product/_movil-samsung-galaxy-a27-5g-negro-128-gb-6-gb-ram-67-fhd-super-amoled-qualcomm-snapdragon-6-gen-3-5000-mah-android-16-1667601.html
2026-09-26,1606136,"Apple iPhone 17 Pro, Naranja cósmico, 256 GB, 5G, 6.3"" OLED Super Retina XDR, Chip A19 Pro, iOS",Apple,256 GB,1179.0,1319.0,10.6,EUR,4.8172,629.0,https://www.mediamarkt.es/es/product/_apple-iphone-17-pro-naranja-cosmico-256-gb-5g-63-oled-super-retina-xdr-chip-a19-pro-ios-1606136.html
2026-09-26,1561320,"Apple iPhone 15, Negro, 128 GB, 5G, 6.1"" OLED Super Retina XDR, Chip A16 Bionic, iOS",Apple,128 GB,669.0,709.0,5.6,EUR,4.7505,938.0,https://www.mediamarkt.es/es/product/_apple-iphone-15-negro-128-gb-5g-61-oled-super-retina-xdr-chip-a16-bionic-ios-1561320.html
2026-09-26,1606146,"Apple iPhone 17 Pro Max, Azul oscuro, 256 GB, 5G, 6.9"" OLED Super Retina XDR, Chip A19 Pro, iOS",Apple,256 GB,1319.0,1469.0,10.2,EUR,4.8781,517.0,https://www.mediamarkt.es/es/product/_apple-iphone-17-pro-max-azul-oscuro-256-gb-5g-69-oled-super-retina-xdr-chip-a19-pro-ios-1606146.html
2026-09-26,1582150,"Apple iPhone 16, Negro, 128 GB, 5G, 6.1 "" OLED Super Retina XDR, Chip A18 Bionic, iOS",Apple,128 GB,819.0,859.0,4.7,EUR,4.8139,747.0,https://www.mediamarkt.es/es/product/_apple-iphone-16-negro-128-gb-5g-61-oled-super-retina-xdr-chip-a18-bionic-ios-1582150.html
2026-09-26,1619027,"motorola g06 power, Tapestry Blue, 256 GB, 8 GB RAM, 6.88"" HD+ 120 Hz, MediaTek Helio G81 Extreme, 7000 mAh",Motorola,256 GB,159.0,,,EUR,4.7941,34.0,https://www.mediamarkt.es/es/product/_movil-motorola-g06-power-tapestry-blue-256-gb-8-gb-ram-688-hd-120-hz-mediatek-helio-g81-extreme-7000-mah-1619027.html
2026-09-26,1619528,"Google Pixel 10a, Lavanda, 128GB, 8GB RAM, 6.3"" pOLED a 422,2 ppp, Google Tensor G4, 5100 mAh",Google,128 GB,399.0,549.0,27.3,EUR,4.7971,138.0,https://www.mediamarkt.es/es/product/_movil-google-pixel-10a-lavanda-128gb-8gb-ram-63-poled-a-4222-ppp-google-tensor-g4-5100-mah-1619528.html
2026-09-26,1582151,"Apple iPhone 16, Blanco, 128 GB, 5G, 6.1 "" OLED Super Retina XDR, Chip A18 Bionic, iOS",Apple,128 GB,819.0,859.0,4.7,EUR,4.8291,714.0,https://www.mediamarkt.es/es/product/_apple-iphone-16-blanco-128-gb-5g-61-oled-super-retina-xdr-chip-a18-bionic-ios-1582151.html
2026-09-26,1612821,"REACONDICIONADO Excelente Apple iPhone 14, Blanco estrella, 128 GB, 5G, 6.1"" OLED Super Retina XDR, Chip A15 Bionic, iOS",Reacondicionado,128 GB,379.0,469.0,19.2,EUR,4.75,4.0,https://www.mediamarkt.es/es/product/_reacondicionado-excelente-apple-iphone-14-blanco-estrella-128-gb-5g-61-oled-super-retina-xdr-chip-a15-bionic-ios-1612821.html
2026-09-26,1619525,"Google Pixel 10a, Gris niebla, 128GB, 8GB RAM, 6.3"" pOLED a 422,2 ppp, Google Tensor G4, 5100 mAh",Google,128 GB,399.0,549.0,27.3,EUR,4.8182,143.0,https://www.mediamarkt.es/es/product/_movil-google-pixel-10a-gris-niebla-128gb-8gb-ram-63-poled-a-4222-ppp-google-tensor-g4-5100-mah-1619525.html
2026-09-26,1674336,"Apple iPhone 18 Pro, Azul glaciar, 256 GB, 6.3"" OLED Super Retina XDR, 5G, Chip A20 Pro, Siri AI, iOS",Apple,256 GB,1469.0,,,EUR,5.0,8.0,https://www.mediamarkt.es/es/product/_apple-iphone-18-pro-azul-glaciar-256-gb-63-oled-super-retina-xdr-5g-chip-a20-pro-siri-ai-ios-1674336.html
2026-09-26,1582152,"Apple iPhone 16, Rosa, 128 GB, 5G, 6.1 "" OLED Super Retina XDR, Chip A18 Bionic, iOS",Apple,128 GB,819.0,859.0,4.7,EUR,4.8308,727.0,https://www.mediamarkt.es/es/product/_apple-iphone-16-rosa-128-gb-5g-61-oled-super-retina-xdr-chip-a18-bionic-ios-1582152.html
2026-09-26,1582154,"Apple iPhone 16, Verde azulado, 128 GB, 5G, 6.1 "" OLED Super Retina XDR, Chip A18 Bionic, iOS",Apple,128 GB,819.0,859.0,4.7,EUR,4.8241,722.0,https://www.mediamarkt.es/es/product/_apple-iphone-16-verde-azulado-128-gb-5g-61-oled-super-retina-xdr-chip-a18-bionic-ios-1582154.html
2026-09-26,1622506,"Samsung Galaxy A57, Violeta, 256 GB, 8 GB RAM, 6.7"" FHD+, Exynos 1680, 5000 mAh, Android 16",Samsung,256 GB,471.0,609.0,22.7,EUR,4.7395,3735.0,https://www.mediamarkt.es/es/product/_movil-samsung-galaxy-a57-violeta-256-gb-8-gb-ram-67-fhd-exynos-1680-5000-mah-android-16-1622506.html
2026-09-26,1620263,"Samsung Galaxy S26, Violeta, 256 GB, 12 GB RAM , 6.3"" FHD+, Exynos 2600, 4300 mAh, Android 16",Samsung,256 GB,799.0,999.0,20.0,EUR,4.7373,6259.0,https://www.mediamarkt.es/es/product/_movil-samsung-galaxy-s26-violeta-256-gb-12-gb-ram-63-fhd-exynos-2600-4300-mah-android-16-1620263.html
2026-09-26,1604160,"Samsung Galaxy A17 LTE, Negro, 256 GB, 8 GB RAM, 6.7"", FHD+ Super AMOLED, Mediatek G99 Octa-core, 5000 mAh, Android 15",Samsung,256 GB,259.0,399.0,35.1,EUR,4.6555,119.0,https://www.mediamarkt.es/es/product/_movil-samsung-galaxy-a17-lte-negro-256-gb-8-gb-ram-67-fhd-super-amoled-mediatek-g99-octa-core-5000-mah-android-15-1604160.html
2026-09-26,1604167,"Samsung Galaxy A17 5G, Negro, 256 GB, 8 GB RAM, 6.7"", FHD+ Super AMOLED, Mediatek G99 Octa-core, 5000 mAh, Android 15",Samsung,256 GB,289.0,439.0,34.2,EUR,4.2089,493.0,https://www.mediamarkt.es/es/product/_movil-samsung-galaxy-a17-negro-256-gb-8-gb-ram-67-fhd-super-amoled-mediatek-g99-octa-core-5000-mah-android-15-1604167.html
2026-09-26,1674333,"Apple iPhone 18 Pro, Negro, 256 GB, 6.3"" OLED Super Retina XDR, 5G, Chip A20 Pro, Siri AI, iOS",Apple,256 GB,1469.0,,,EUR,5.0,8.0,https://www.mediamarkt.es/es/product/_apple-iphone-18-pro-negro-256-gb-63-oled-super-retina-xdr-5g-chip-a20-pro-siri-ai-ios-1674333.html
2026-09-26,1620279,"Samsung Galaxy S26 Ultra, Violeta, 256 GB, 12 GB RAM, 6.9"" QHD+, Qualcomm Snapdragon 8 Elite Gen 5, 5000 mAh, Android 16",Samsung,256 GB,1159.0,1449.0,20.0,EUR,4.793,22015.0,https://www.mediamarkt.es/es/product/_movil-samsung-galaxy-s26-ultra-violeta-256-gb-12-gb-ram-69-qhd-qualcomm-snapdragon-8-elite-gen-5-5000-mah-android-16-1620279.html
2026-09-26,1627975,"OPPO Reno15 FS, Twilight Black, 512 GB, 8 GB RAM, 6.57"" AMOLED, Qualcomm Snapdragon 6 Gen 1, 6500 mAh",Oppo,512 GB,379.0,459.0,17.4,EUR,4.625,16.0,https://www.mediamarkt.es/es/product/_movil-oppo-reno15-fs-twilight-black-512-gb-8-gb-ram-657-amoled-qualcomm-snapdragon-6-gen-1-6500-mah-1627975.html
2026-09-26,143088368,"APPLE iPhone 15 6.1"" 256GB, Blue, Smartphone iOS, 256 GB, 6 GB RAM, 6,1 "" Super Retina XDR, Ceramic Shield, Recubrimiento oleofóbico, Anti-huellas, Processor, 3349 mAh",Apple,256 GB,1006.55,1207.86,16.7,EUR,4.4737,19.0,https://www.mediamarkt.es/es/product/_movil-apple-1561328-iphone-15-blue-256gb-ypt-azul-256-gb-61-chip-a16-bionic-143088368.html
2026-09-26,126337763,"APPLE iPhone 15, Black, Móvil iOS, 256 GB, 6 GB RAM, 6,1 "" Super Retina XDR, Ceramic Shield, Recubrimiento oleofóbico, Anti-huellas, Processor, 3349 mAh",Apple,256 GB,531.03,795.15,33.2,EUR,4.4615,78.0,https://www.mediamarkt.es/es/product/_smartphone-iphone-15-negro-256-go-ram-6-gb-apple-negro-256-gb-61-a16-bionic-3349-mahmah-126337763.html
2026-09-26,1619530,"Google Pixel 10a, Frambuesa, 128GB, 8GB RAM, 6.3"" pOLED a 422,2 ppp, Google Tensor G4, 5100 mAh",Google,128 GB,399.0,549.0,27.3,EUR,4.7943,141.0,https://www.mediamarkt.es/es/product/_movil-google-pixel-10a-frambuesa-128gb-8gb-ram-63-poled-a-4222-ppp-google-tensor-g4-5100-mah-1619530.html
2026-09-26,1671812,"Xiaomi Redmi Note 17 Pro Max, Blanco, 256GB, 8GB RAM, 6.83"" AMOLED 1.5K, Snapdragon 6 Gen 5, 9210 mAh",Xiaomi,256 GB,599.0,,,EUR,1.0,1.0,https://www.mediamarkt.es/es/product/_movil-xiaomi-redmi-note-17-pro-max-blanco-256gb-8gb-ram-683-amoled-15k-snapdragon-6-gen-5-9210-mah-1671812.html
2026-09-26,1620262,"Samsung Galaxy S26, Azul Cielo, 256 GB, 12 GB RAM , 6.3"" FHD+, Exynos 2600, 4300 mAh, Android 16",Samsung,256 GB,799.0,999.0,20.0,EUR,4.7375,6251.0,https://www.mediamarkt.es/es/product/_movil-samsung-galaxy-s26-azul-cielo-256-gb-12-gb-ram-63-fhd-exynos-2600-4300-mah-android-16-1620262.html
2026-09-26,1671806,"Xiaomi Redmi Note 17 Pro, Morado, 256GB, 6GB RAM, 6.83"" AMOLED 1.5K, Snapdragon 6s Gen 4, 8340 mAh",Xiaomi,256 GB,479.0,,,EUR,,,https://www.mediamarkt.es/es/product/_movil-xiaomi-redmi-note-17-pro-morado-256gb-6gb-ram-683-amoled-15k-snapdragon-6s-gen-4-8340-mah-1671806.html
2026-09-26,1671798,"Xiaomi Redmi Note 17, Azul, 256GB, 6GB RAM, 6.99"" AMOLED, Snapdragon 6s 4G Gen 2, 7700 mAh",Xiaomi,256 GB,299.0,,,EUR,,,https://www.mediamarkt.es/es/product/_movil-xiaomi-redmi-note-17-azul-256gb-6gb-ram-699-amoled-snapdragon-6s-4g-gen-2-7700-mah-1671798.html
2026-09-26,1620283,"Samsung Galaxy S26 Ultra, Violeta, 512 GB, 12 GB RAM, 6.9"" QHD+, Qualcomm Snapdragon 8 Elite Gen 5, 5000 mAh, Android 16",Samsung,512 GB,1299.0,1649.0,21.2,EUR,4.7765,18146.0,https://www.mediamarkt.es/es/product/_movil-samsung-galaxy-s26-ultra-violeta-512-gb-12-gb-ram-69-qhd-qualcomm-snapdragon-8-elite-gen-5-5000-mah-android-16-1620283.html
2026-09-26,1604170,"Samsung Galaxy A17 5G, Azul, 256 GB, 8 GB RAM, 6.7"", FHD+ Super AMOLED, Mediatek G99 Octa-core, 5000 mAh, Android 15",Samsung,256 GB,289.0,439.0,34.2,EUR,4.2788,1596.0,https://www.mediamarkt.es/es/product/_movil-samsung-galaxy-a17-azul-256-gb-8-gb-ram-67-fhd-super-amoled-mediatek-g99-octa-core-5000-mah-android-15-1604170.html
2026-09-26,143087750,"APPLE iPhone 15 6.1"" 256GB, Pink, Smartphone iOS, 256 GB, 11 "" Super Retina XDR, Ceramic Shield, Recubrimiento oleofóbico, Anti-huellas, Processor, 3350 mAh",Apple,256 GB,547.94,795.15,31.1,EUR,4.4118,17.0,https://www.mediamarkt.es/es/product/_movil-apple-1561326-iphone-15-pink-256gb-ypt-rosa-256-gb-61-chip-a16-bionic-143087750.html
2026-09-26,142488109,"APPLE iPhone 14, Blanco, Móvil iOS, 256 GB, 6 GB RAM, 6,1 "" OLED, Ceramic Shield, Recubrimiento oleofóbico, Anti-huellas, Chip A15 Bionic, 3279 mAh",Apple,256 GB,462.83,,,EUR,4.3907,215.0,https://www.mediamarkt.es/es/product/_movil-apple-mpw43qla-blanco-256-gb-6-gb-ram-61-apple-a15-bionic-5-nm-3279-mah-ios-16-142488109.html
2026-09-26,1671802,"Xiaomi Redmi Note 17 5G, Negro, 256GB, 6GB RAM, 6.99"" FHD+, Snapdragon 4 Gen 4, 7700 mAh",Xiaomi,256 GB,379.0,,,EUR,,,https://www.mediamarkt.es/es/product/_movil-xiaomi-redmi-note-17-5g-negro-256gb-6gb-ram-699-fhd-snapdragon-4-gen-4-7700-mah-1671802.html
2026-09-26,1669936,"Samsung Galaxy Z Fold8, Lavanda, 256 GB, 12 GB RAM, 7.6"" Dynamic AMOLED 2X, Qualcomm Snapdragon 8 Elite Gen 5, 4800 mAh, Android 17",Samsung,256 GB,1799.1,1999.0,10.0,EUR,4.8503,6742.0,https://www.mediamarkt.es/es/product/_movil-samsung-galaxy-z-fold8-lavanda-256-gb-12-gb-ram-76-dynamic-amoled-2x-qualcomm-snapdragon-8-elite-gen-5-4800-mah-android-17-1669936.html
2026-09-26,1671807,"Xiaomi Redmi Note 17 Pro, Azul, 256GB, 6GB RAM, 6.83"" AMOLED 1.5K, Snapdragon 6s Gen 4, 8340 mAh",Xiaomi,256 GB,479.0,,,EUR,,,https://www.mediamarkt.es/es/product/_movil-xiaomi-redmi-note-17-pro-azul-256gb-6gb-ram-683-amoled-15k-snapdragon-6s-gen-4-8340-mah-1671807.html
2026-09-26,146563560,"APPLE iPhone 16 Pro, Arena, Móvil iOS, 128 GB, 8 GB RAM, 6,3 "" Super Retina XDR, Ceramic Shield, 120 Hz, Recubrimiento oleofóbico, Anti-huellas, Apple, A18 Pro",Apple,128 GB,771.94,1042.12,25.9,EUR,3.75,8.0,https://www.mediamarkt.es/es/product/_movil-apple-iphone-16-pro-arena-128-gb-8-gb-ram-63-super-retina-xdrceramic-shield120-hzrecubrimiento-oleofobicoanti-huellas-applea18-pro-ios-18-146563560.html
2026-09-26,1667602,"Samsung Galaxy A27 5G, Azul, 128 GB, 6 GB RAM, 6.7"" FHD+ Super AMOLED, Qualcomm Snapdragon 6 Gen 3, 5000 mAh, Android 16",Samsung,128 GB,279.0,349.0,20.1,EUR,4.119,84.0,https://www.mediamarkt.es/es/product/_movil-samsung-galaxy-a27-5g-azul-128-gb-6-gb-ram-67-fhd-super-amoled-qualcomm-snapdragon-6-gen-3-5000-mah-android-16-1667602.html
2026-09-26,1611923,"REACONDICIONADO Excelente Apple iPhone 14 Pro Max, Púrpura, 128 GB, 5G, 6.7"" Pantalla Super Retina XDR, Chip A16 Bionic, iOS",Reacondicionado,128 GB,579.0,749.0,22.7,EUR,,,https://www.mediamarkt.es/es/product/_reacondicionado-excelente-apple-iphone-14-pro-max-purpura-128-gb-5g-67-pantalla-super-retina-xdr-chip-a16-bionic-ios-1611923.html
2026-09-26,1608215,"motorola g06 power, Tapestry Blue, 256 GB, 4 GB RAM, 6.88"" HD+ 120 Hz, MediaTek Helio G81 Extreme, 7000 mAh",Motorola,256 GB,139.0,,,EUR,4.7317,41.0,https://www.mediamarkt.es/es/product/_movil-motorola-g06-power-tapestry-blue-256-gb-4-gb-ram-688-hd-120-hz-mediatek-helio-g81-extreme-7000-mah-1608215.html
2026-09-26,1671796,"Xiaomi Redmi Note 17, Negro, 256GB, 6GB RAM, 6.99"" AMOLED, Snapdragon 6s 4G Gen 2, 7700 mAh",Xiaomi,256 GB,299.0,,,EUR,4.0,1.0,https://www.mediamarkt.es/es/product/_movil-xiaomi-redmi-note-17-negro-256gb-6gb-ram-699-amoled-snapdragon-6s-4g-gen-2-7700-mah-1671796.html
2026-09-26,126337762,"APPLE iPhone 15 Pro, Gris, Móvil iOS, 256 GB, 8 GB RAM, 6,1 "" Super Retina XDR, Ceramic Shield, 120 Hz, Recubrimiento oleofóbico, Anti-huellas, Chip A17 Pro (CPU de 6 núcleos, GPU de 6 núcleos y Neural Engine de 16 núcleos), 3274 mAh",Apple,256 GB,641.27,865.71,25.9,EUR,5.0,5.0,https://www.mediamarkt.es/es/product/_movil-15-pro-apple-gris-256-gb-8-gb-61-apple-a17-pro-3-nm-126337762.html
2026-09-26,147812294,"APPLE iPhone 16 Pro Max, Arena, Móvil iOS, 256 GB, 8 GB RAM, 6,9 "" Super Retina XDR, Ceramic Shield, 120 Hz, Recubrimiento oleofóbico, Anti-huellas, Apple, A18 Pro, 4,685 mAh",Apple,256 GB,933.77,1281.15,27.1,EUR,3.6,15.0,https://www.mediamarkt.es/es/product/_movil-apple-iphone-16-pro-max-arena-256-gb-8-gb-ram-69-super-retina-xdrceramic-shield120-hzrecubrimiento-oleofobicoanti-huellas-applea18-pro-ios-18-147812294.html
2026-09-26,1669935,"Samsung Galaxy Z Fold8, Grafito, 256 GB, 12 GB RAM, 7.6"" Dynamic AMOLED 2X, Qualcomm Snapdragon 8 Elite Gen 5, 4800 mAh, Android 17",Samsung,256 GB,1799.1,1999.0,10.0,EUR,4.8504,6743.0,https://www.mediamarkt.es/es/product/_movil-samsung-galaxy-z-fold8-grafito-256-gb-12-gb-ram-76-dynamic-amoled-2x-qualcomm-snapdragon-8-elite-gen-5-4800-mah-android-17-1669935.html
2026-09-26,1604161,"Samsung Galaxy A17 LTE, Gris, 256 GB, 8 GB RAM, 6.7"", FHD+ Super AMOLED, Mediatek G99 Octa-core, 5000 mAh, Android 15",Samsung,256 GB,259.0,399.0,35.1,EUR,4.65,120.0,https://www.mediamarkt.es/es/product/_movil-samsung-galaxy-a17-lte-gris-256-gb-8-gb-ram-67-fhd-super-amoled-mediatek-g99-octa-core-5000-mah-android-15-1604161.html
2026-09-26,1671805,"Xiaomi Redmi Note 17 Pro, Negro, 256GB, 6GB RAM, 6.83"" AMOLED 1.5K, Snapdragon 6s Gen 4, 8340 mAh",Xiaomi,256 GB,479.0,,,EUR,,,https://www.mediamarkt.es/es/product/_movil-xiaomi-redmi-note-17-pro-negro-256gb-6gb-ram-683-amoled-15k-snapdragon-6s-gen-4-8340-mah-1671805.html
2026-09-26,1582153,"Apple iPhone 16, Azul ultramar, 128 GB, 5G, 6.1 "" OLED Super Retina XDR, Chip A18 Bionic, iOS",Apple,128 GB,819.0,859.0,4.7,EUR,4.8221,725.0,https://www.mediamarkt.es/es/product/_apple-iphone-16-azul-ultramar-128-gb-5g-61-oled-super-retina-xdr-chip-a18-bionic-ios-1582153.html
2026-09-26,150876708,"SAMSUNG A56 6.6P/5G/8N/8+256GB/B, Negro, Móvil Android, 256 GB, 8 GB RAM, 6,7 "" FHD+ Super AMOLED, Exynos 1580, 5,000 mAh",Samsung,256 GB,355.98,599.99,40.7,EUR,4.6952,11887.0,https://www.mediamarkt.es/es/product/_movil-samsung-sm-a566bzkceub-negro-256-gb-8-gb-ram-67-fhd-super-amoled-exynos-1580-5000-mah-150876708.html
2026-09-26,1622497,"Samsung Galaxy A37, Violeta, 256 GB, 8 GB RAM, 6.7"" FHD+, Exynos 1480, 5000 mAh, Android 16",Samsung,256 GB,399.0,549.0,27.3,EUR,4.7408,1381.0,https://www.mediamarkt.es/es/product/_movil-samsung-galaxy-a37-violeta-256-gb-8-gb-ram-67-fhd-exynos-1480-5000-mah-android-16-1622497.html
2026-09-26,1612820,"REACONDICIONADO Excelente Apple iPhone 14, Medianoche, 128 GB, 5G, 6.1"" OLED Super Retina XDR, Chip A15 Bionic, iOS",Reacondicionado,128 GB,379.0,469.0,19.2,EUR,4.8,5.0,https://www.mediamarkt.es/es/product/_reacondicionado-excelente-apple-iphone-14-medianoche-128-gb-5g-61-oled-super-retina-xdr-chip-a15-bionic-ios-1612820.html
2026-09-26,1668633,"Honor 600 Lite, Velvet Black, 256 GB, 8 GB RAM, 6.6 "" AMOLED, MediaTek Dimensity 7100 Elite, 6520 mAh",Honor,256 GB,299.0,399.0,25.1,EUR,4.5,6.0,https://www.mediamarkt.es/es/product/_movil-honor-600-lite-velvet-black-256-gb-8-gb-ram-66-amoled-mediatek-dimensity-7100-elite-6520-mah-1668633.html
2026-09-26,1620285,"Samsung Galaxy S26 Ultra, Negro, 1 TB, 16 GB RAM, 6.9"" QHD+, Qualcomm Snapdragon 8 Elite Gen 5, 5000 mAh, Android 16",Samsung,1 TB,1599.0,1949.0,18.0,EUR,4.7502,19303.0,https://www.mediamarkt.es/es/product/_movil-samsung-galaxy-s26-ultra-negro-1-tb-16-gb-ram-69-qhd-qualcomm-snapdragon-8-elite-gen-5-5000-mah-android-16-1620285.html
2026-09-26,1622504,"Samsung Galaxy A57, Gris, 256 GB, 8 GB RAM, 6.7"" FHD+, Exynos 1680, 5000 mAh, Android 16",Samsung,256 GB,479.0,609.0,21.3,EUR,4.7405,3776.0,https://www.mediamarkt.es/es/product/_movil-samsung-galaxy-a57-gris-256-gb-8-gb-ram-67-fhd-exynos-1680-5000-mah-android-16-1622504.html
2026-09-26,1671813,"Xiaomi Redmi Note 17 Pro Max, Verde, 256GB, 8GB RAM, 6.83"" AMOLED 1.5K, Snapdragon 6 Gen 5, 9210 mAh",Xiaomi,256 GB,599.0,,,EUR,1.0,1.0,https://www.mediamarkt.es/es/product/_movil-xiaomi-redmi-note-17-pro-max-verde-256gb-8gb-ram-683-amoled-15k-snapdragon-6-gen-5-9210-mah-1671813.html
2026-09-26,1671804,"Xiaomi Redmi Note 17 5G, Azul, 256GB, 6GB RAM, 6.99"" FHD+, Snapdragon 4 Gen 4, 7700 mAh",Xiaomi,256 GB,379.0,,,EUR,,,https://www.mediamarkt.es/es/product/_movil-xiaomi-redmi-note-17-5g-azul-256gb-6gb-ram-699-fhd-snapdragon-4-gen-4-7700-mah-1671804.html
2026-09-26,175415868,"OUKITEL C1, Negro, Móvil Android, 128 GB, 16 GB RAM, 6,52 "", Procesador Octa-Core",Oukitel,128 GB,89.99,199.99,55.0,EUR,4.6667,3.0,https://www.mediamarkt.es/es/product/_oukitel-c1-negro-movil-android-128-gb-652-procesador-octa-core-175415868.html
2026-09-26,1620282,"Samsung Galaxy S26 Ultra, Azul Cielo, 512 GB, 12 GB RAM, 6.9"" QHD+, Qualcomm Snapdragon 8 Elite Gen 5, 5000 mAh, Android 16",Samsung,512 GB,1299.0,1649.0,21.2,EUR,4.7763,18133.0,https://www.mediamarkt.es/es/product/_movil-samsung-galaxy-s26-ultra-azul-cielo-512-gb-12-gb-ram-69-qhd-qualcomm-snapdragon-8-elite-gen-5-5000-mah-android-16-1620282.html
2026-09-26,1668634,"Honor 600 Lite, Sprout Green, 256 GB, 8 GB RAM, 6.6 "" AMOLED, MediaTek Dimensity 7100 Elite, 6520 mAh",Honor,256 GB,299.0,399.0,25.1,EUR,4.5,6.0,https://www.mediamarkt.es/es/product/_movil-honor-600-lite-sprout-green-256-gb-8-gb-ram-66-amoled-mediatek-dimensity-7100-elite-6520-mah-1668634.html
2026-09-26,126337812,"APPLE iPhone 15 Pro, Azul, Móvil iOS, 128 GB, 8 GB RAM, 6,1 "" Super Retina XDR, Ceramic Shield, 120 Hz, Recubrimiento oleofóbico, Anti-huellas, Chip A17 Pro (CPU de 6 núcleos, GPU de 6 núcleos y Neural Engine de 16 núcleos), 3274 mAh",Apple,128 GB,621.44,876.15,29.1,EUR,4.25,12.0,https://www.mediamarkt.es/es/product/_movil-15-pro-apple-azul-128-gb-8-gb-61-apple-a17-pro-3-nm-126337812.html
2026-09-26,1671803,"Xiaomi Redmi Note 17 5G, Morado, 256GB, 6GB RAM, 6.99"" FHD+, Snapdragon 4 Gen 4, 7700 mAh",Xiaomi,256 GB,379.0,,,EUR,,,https://www.mediamarkt.es/es/product/_movil-xiaomi-redmi-note-17-5g-morado-256gb-6gb-ram-699-fhd-snapdragon-4-gen-4-7700-mah-1671803.html
2026-09-26,1620284,"Samsung Galaxy S26 Ultra, Blanco, 512 GB, 12 GB RAM, 6.9"" QHD+, Qualcomm Snapdragon 8 Elite Gen 5, 5000 mAh, Android 16",Samsung,512 GB,1299.0,1649.0,21.2,EUR,4.7766,18127.0,https://www.mediamarkt.es/es/product/_movil-samsung-galaxy-s26-ultra-blanco-512-gb-12-gb-ram-69-qhd-qualcomm-snapdragon-8-elite-gen-5-5000-mah-android-16-1620284.html
2026-09-26,1669938,"Samsung Galaxy Z Fold8, Grafito, 512 GB, 12 GB RAM, 7.6"" Dynamic AMOLED 2X, Qualcomm Snapdragon 8 Elite Gen 5, 4800 mAh, Android 17",Samsung,512 GB,1979.1,2199.0,10.0,EUR,4.8543,6258.0,https://www.mediamarkt.es/es/product/_movil-samsung-galaxy-z-fold8-grafito-512-gb-12-gb-ram-76-dynamic-amoled-2x-qualcomm-snapdragon-8-elite-gen-5-4800-mah-android-17-1669938.html
2026-09-26,1612818,"REACONDICIONADO Excelente Apple iPhone 14, Púrpura, 128 GB, 5G, 6.1"" OLED Super Retina XDR, Chip A15 Bionic, iOS",Reacondicionado,128 GB,379.0,469.0,19.2,EUR,1.0,1.0,https://www.mediamarkt.es/es/product/_reacondicionado-excelente-apple-iphone-14-purpura-128-gb-5g-61-oled-super-retina-xdr-chip-a15-bionic-ios-1612818.html
2026-09-26,1669933,"Samsung Galaxy Z Flip8, Rosa, 512 GB, 12 GB RAM, 6.9"" Dynamic AMOLED 2X , Exynos 2600, 4300 mAh, Android 17",Samsung,512 GB,1349.1,1499.0,10.0,EUR,4.8899,5693.0,https://www.mediamarkt.es/es/product/_movil-samsung-galaxy-z-flip8-rosa-512-gb-12-gb-ram-69-dynamic-amoled-2x-exynos-2600-4300-mah-android-17-1669933.html
2026-09-26,145404514,"APPLE iPhone 16 Pro, Black, Móvil iOS, 256 GB, 8 GB RAM, 6,3 "" Super Retina XDR, Ceramic Shield, 120 Hz, Recubrimiento oleofóbico, Anti-huellas, Processor, 3582 mAh",Apple,256 GB,879.36,1213.65,27.5,EUR,4.5085,118.0,https://www.mediamarkt.es/es/product/_movil-apple-iphone-16-pro-negro-256-gb-8-gb-ram-63-super-retina-xdr-ceramic-shield-120-hz-recubrimiento-oleofobico-anti-huellas-apple-a18-pro-ios-18-145404514.html
2026-09-26,1669928,"Samsung Galaxy Z Flip8, Grafito, 256 GB, 12 GB RAM, 6.9"" Dynamic AMOLED 2X , Exynos 2600, 4300 mAh, Android 17",Samsung,256 GB,1169.1,1299.0,10.0,EUR,4.8915,5675.0,https://www.mediamarkt.es/es/product/_movil-samsung-galaxy-z-flip8-grafito-256-gb-12-gb-ram-69-dynamic-amoled-2x-exynos-2600-4300-mah-android-17-1669928.html
2026-09-26,1620287,"Samsung Galaxy S26 Ultra, Violeta, 1 TB, 16 GB RAM, 6.9"" QHD+, Qualcomm Snapdragon 8 Elite Gen 5, 5000 mAh, Android 16",Samsung,1 TB,1599.0,1949.0,18.0,EUR,4.7634,16475.0,https://www.mediamarkt.es/es/product/_movil-samsung-galaxy-s26-ultra-violeta-1-tb-16-gb-ram-69-qhd-qualcomm-snapdragon-8-elite-gen-5-5000-mah-android-16-1620287.html
2026-09-26,1620679,"realme 16 Pro+, Master Grey, 512 GB, 12 GB RAM, 6.8"" HyperGlow 4D Curve+ de 144Hz, Qualcomm Snapdragon 7 Gen 4, 7000 mAh",Realme,512 GB,549.0,599.0,8.3,EUR,4.8889,9.0,https://www.mediamarkt.es/es/product/_movil-realme-16-pro-master-grey-512-gb-12-gb-ram-68-hyperglow-4d-curve-de-144hz-qualcomm-snapdragon-7-gen-4-7000-mah-1620679.html
2026-09-26,1669939,"Samsung Galaxy Z Fold8, Lavanda, 512 GB, 12 GB RAM, 7.6"" Dynamic AMOLED 2X, Qualcomm Snapdragon 8 Elite Gen 5, 4800 mAh, Android 17",Samsung,512 GB,1979.1,2199.0,10.0,EUR,4.8543,6279.0,https://www.mediamarkt.es/es/product/_movil-samsung-galaxy-z-fold8-lavanda-512-gb-12-gb-ram-76-dynamic-amoled-2x-qualcomm-snapdragon-8-elite-gen-5-4800-mah-android-17-1669939.html
2026-09-26,1620680,"realme 16 Pro+, Master Gold, 512 GB, 12 GB RAM, 6.8"" HyperGlow 4D Curve+ de 144Hz, Qualcomm Snapdragon 7 Gen 4, 7000 mAh",Realme,512 GB,549.0,599.0,8.3,EUR,5.0,14.0,https://www.mediamarkt.es/es/product/_movil-realme-16-pro-master-gold-512-gb-12-gb-ram-68-hyperglow-4d-curve-de-144hz-qualcomm-snapdragon-7-gen-4-7000-mah-1620680.html
2026-09-26,1669937,"Samsung Galaxy Z Fold8, Blanco, 512 GB, 12 GB RAM, 7.6"" Dynamic AMOLED 2X, Qualcomm Snapdragon 8 Elite Gen 5, 4800 mAh, Android 17",Samsung,512 GB,1979.1,2199.0,10.0,EUR,4.8543,6260.0,https://www.mediamarkt.es/es/product/_movil-samsung-galaxy-z-fold8-blanco-512-gb-12-gb-ram-76-dynamic-amoled-2x-qualcomm-snapdragon-8-elite-gen-5-4800-mah-android-17-1669937.html
2026-09-26,1668702,"Honor 600 Lite, Velvet Grey, 256 GB, 8 GB RAM, 6.6 "" AMOLED, MediaTek Dimensity 7100 Elite, 6520 mAh",Honor,256 GB,299.0,399.0,25.1,EUR,4.5,6.0,https://www.mediamarkt.es/es/product/_movil-honor-600-lite-velvet-grey-256-gb-8-gb-ram-66-amoled-mediatek-dimensity-7100-elite-6520-mah-1668702.html
2026-09-26,172997590,"BLACKVIEW XPLORE 2, Negro, Móvil Android, 256 GB, 12 GB RAM, 6,73 "" AMOLED 120Hz, MediaTek Dimensity 8300 (Ocho núcleos), 20000 mAh",Blackview,256 GB,369.0,709.0,48.0,EUR,,,https://www.mediamarkt.es/es/product/_blackview-xplore-2-negro-movil-android-256-gb-12-gb-ram-673-amoled-120hz-mediatek-dimensity-8300-ocho-nucleos-20000-mah-172997590.html
2026-09-26,1606125,"Apple iPhone 17, Negro, 256 GB, 5G, 6.3"" OLED Super Retina XDR, Chip A19, iOS",Apple,256 GB,1079.0,1109.0,2.7,EUR,4.8184,936.0,https://www.mediamarkt.es/es/product/_apple-iphone-17-negro-256-gb-5g-63-oled-super-retina-xdr-chip-a19-ios-1606125.html
2026-09-26,142459934,"APPLE iPhone 14, Negro, Móvil iOS, 128 GB, 6 GB RAM, 6,1 "" Super Retina XDR, Chip A15 Bionic, 3239 mAh",Apple,128 GB,361.0,,,EUR,4.4068,236.0,https://www.mediamarkt.es/es/product/_movil-apple-iphone-14-negro-128-gb-6-gb-ram-61-super-retina-xdr-apple-a15-bionic-5-nm-3239-mah-ios-16-142459934.html
2026-09-26,155508782,"REALME GT7T 6.8P/5G/8N/12+256GB/B, Negro, Móvil Sistema operativo propietario, 256 GB, 12 GB RAM, 6,78 "" LTPS 2.5D, Dimensity 8400MAX, 7000 mAh",Realme,256 GB,329.0,409.0,19.6,EUR,4.6667,3.0,https://www.mediamarkt.es/es/product/_movil-realme-gt7t-negro-256-gb-12-gb-ram-678-ltps-25d-dimensity-8400max-7000-mah-sistema-operativo-propietario-155508782.html
2026-09-26,1674349,"Apple iPhone 18 Pro Max, Negro, 256 GB, 6.9"" OLED Super Retina XDR, 5G, Chip A20 Pro, Siri AI, iOS",Apple,256 GB,1619.0,,,EUR,4.3333,6.0,https://www.mediamarkt.es/es/product/_apple-iphone-18-pro-max-negro-256-gb-69-oled-super-retina-xdr-5g-chip-a20-pro-siri-ai-ios-1674349.html
2026-09-26,1622507,"Samsung Galaxy A57, Azul Oscuro, 512 GB, 12 GB RAM, 6.7"" FHD+, Exynos 1680, 5000 mAh, Android 16",Samsung,512 GB,699.0,849.0,17.7,EUR,4.7746,1934.0,https://www.mediamarkt.es/es/product/_movil-samsung-galaxy-a57-azul-oscuro-512-gb-12-gb-ram-67-fhd-exynos-1680-5000-mah-android-16-1622507.html
2026-09-26,1671430,"REACONDICIONADO Excelente Apple iPhone 14 Pro, Negro espacial, 256 GB, 5G, 6.1"", Pantalla Super Retina XDR, Chip A16 Bionic, iOS",Reacondicionado,256 GB,629.0,699.0,10.0,EUR,5.0,1.0,https://www.mediamarkt.es/es/product/_reacondicionado-excelente-apple-iphone-14-pro-negro-espacial-256-gb-5g-61-pantalla-super-retina-xdr-chip-a16-bionic-ios-1671430.html
2026-09-26,1671811,"Xiaomi Redmi Note 17 Pro Max, Negro, 256GB, 8GB RAM, 6.83"" AMOLED 1.5K, Snapdragon 6 Gen 5, 9210 mAh",Xiaomi,256 GB,599.0,,,EUR,1.0,2.0,https://www.mediamarkt.es/es/product/_movil-xiaomi-redmi-note-17-pro-max-negro-256gb-8gb-ram-683-amoled-15k-snapdragon-6-gen-5-9210-mah-1671811.html
2026-09-26,1622495,"Samsung Galaxy A37, Verde Oscuro, 256 GB, 8 GB RAM, 6.7"" FHD+, Exynos 1480, 5000 mAh, Android 16",Samsung,256 GB,399.0,549.0,27.3,EUR,4.7409,1378.0,https://www.mediamarkt.es/es/product/_movil-samsung-galaxy-a37-verde-oscuro-256-gb-8-gb-ram-67-fhd-exynos-1480-5000-mah-android-16-1622495.html
2026-09-26,1669934,"Samsung Galaxy Z Fold8, Blanco, 256 GB, 12 GB RAM, 7.6"" Dynamic AMOLED 2X, Qualcomm Snapdragon 8 Elite Gen 5, 4800 mAh, Android 17",Samsung,256 GB,1799.1,1999.0,10.0,EUR,4.8504,6743.0,https://www.mediamarkt.es/es/product/_movil-samsung-galaxy-z-fold8-blanco-256-gb-12-gb-ram-76-dynamic-amoled-2x-qualcomm-snapdragon-8-elite-gen-5-4800-mah-android-17-1669934.html
2026-09-26,1622496,"Samsung Galaxy A37, Gris, 256 GB, 8 GB RAM, 6.7"" FHD+, Exynos 1480, 5000 mAh, Android 16",Samsung,256 GB,399.0,549.0,27.3,EUR,4.7344,1589.0,https://www.mediamarkt.es/es/product/_movil-samsung-galaxy-a37-gris-256-gb-8-gb-ram-67-fhd-exynos-1480-5000-mah-android-16-1622496.html
2026-09-26,1620269,"Samsung Galaxy S26+, Negro, 256 GB, 12 GB RAM , 6.7"" QHD+, Exynos 2600, 4900 mAh, Android 16",Samsung,256 GB,1049.0,1249.0,16.0,EUR,4.8033,2939.0,https://www.mediamarkt.es/es/product/_movil-samsung-galaxy-s26-plus-negro-256-gb-12-gb-ram-67-qhd-exynos-2600-4900-mah-android-16-1620269.html
2026-09-26,1667669,"OPPO Bundle Reno16 F, Púrpura Negro, 256 GB, 8 GB RAM, 6.57"" AMOLED, Mediatek Dimensity 7300, 6500 mAh, Incluye Funda y Cargador",Oppo,256 GB,499.0,599.0,16.7,EUR,4.0,4.0,https://www.mediamarkt.es/es/product/_movil-oppo-bundle-reno16-f-purpura-negro-256-gb-8-gb-ram-657-amoled-mediatek-dimensity-7300-6500-mah-incluye-funda-y-cargador-1667669.html
2026-09-26,155726550,"REALME GT7 6.78P/5G/8N/12+512GB/B, Negro, Móvil Sistema operativo propietario, 512 GB, 12 GB RAM, 6,78 "" LTPO 2.5D, Mediatek Dimensity 9400e (4 nm), 7000 mAh",Realme,512 GB,439.0,589.0,25.5,EUR,4.5652,23.0,https://www.mediamarkt.es/es/product/_movil-realme-gt-7-negro-512-gb-12-gb-ram-678-ltpo-25d-mediatek-dimensity-9400e-4-nm-7000-mah-sistema-operativo-propietario-155726550.html
2026-09-26,178938694,"OPPO A6, Negro, Móvil Android, 256 GB, 6 GB RAM, 6,67 "", Quad-Core 1.5 GHz",Oppo,256 GB,189.0,229.0,17.5,EUR,,,https://www.mediamarkt.es/es/product/_oppo-a6-negro-movil-android-256-gb-6-gb-ram-667-quad-core-15-ghz-178938694.html
2026-09-26,142488111,"APPLE 1561366 IPHONE 15 PRO MAX BLACK 256GB-YPT, Negro, Móvil iOS, 256 GB, 8 GB RAM, 6,7 "" Super Retina XDR, Ceramic Shield, 120 Hz, Recubrimiento oleofóbico, Anti-huellas, Chip A17 Pro (CPU de 6 núcleos, GPU de 6 núcleos y Neural Engine de 16 núcleos), 4441 mAh",Apple,256 GB,756.4,890.0,15.0,EUR,4.1538,26.0,https://www.mediamarkt.es/es/product/_movil-apple-iphone-15-pro-max-negro-256-gb-8-gb-ram-67-apple-a17-pro-3-nm-17-142488111.html
2026-09-26,1669929,"Samsung Galaxy Z Flip8, Rosa, 256 GB, 12 GB RAM, 6.9"" Dynamic AMOLED 2X , Exynos 2600, 4300 mAh, Android 17",Samsung,256 GB,1169.1,1299.0,10.0,EUR,4.8911,5676.0,https://www.mediamarkt.es/es/product/_movil-samsung-galaxy-z-flip8-rosa-256-gb-12-gb-ram-69-dynamic-amoled-2x-exynos-2600-4300-mah-android-17-1669929.html
2026-09-26,146563533,"APPLE iPhone 16 Pro Max, Negro, Móvil iOS, 256 GB, 8 GB RAM, 6,9 "" Super Retina XDR, Ceramic Shield, 120 Hz, Recubrimiento oleofóbico, Anti-huellas, Apple, A18 Pro, 3500 mAh",Apple,256 GB,888.99,1200.14,25.9,EUR,3.6316,19.0,https://www.mediamarkt.es/es/product/_movil-apple-iphone-16-pro-max-negro-256-gb-8-gb-ram-69-super-retina-xdrceramic-shield120-hzrecubrimiento-oleofobicoanti-huellas-applea18-pro-ios-18-146563533.html
2026-09-26,169195670,"HONOR Magic 8 Lite, Negro, Móvil Android, 512 GB, 8 GB RAM, 6,79 "" AMOLED, Snapdragon, 650, 7500 mAh",Honor,512 GB,339.0,399.0,15.0,EUR,4.5385,13.0,https://www.mediamarkt.es/es/product/_honor-magic-8-lite-negro-movil-android-512-gb-8-gb-ram-679-amoled-qualcomm-snapdragon-7500-mah-169195670.html
2026-09-26,1620273,"Samsung Galaxy S26+, Negro, 512 GB, 12 GB RAM, 6.7"" QHD+, Exynos 2600, 4900 mAh, Android 16",Samsung,512 GB,1198.0,1449.0,17.3,EUR,4.7456,1981.0,https://www.mediamarkt.es/es/product/_movil-samsung-galaxy-s26-plus-negro-512-gb-12-gb-ram-67-qhd-exynos-2600-4900-mah-android-16-1620273.html
2026-09-26,1669944,"Samsung Galaxy Z Fold8 Ultra, Grafito, 256 GB, 12 GB RAM, 8"" Dynamic AMOLED 2X, Qualcomm Snapdragon 8 Elite Gen 5, 5000 mAh, Android 17",Samsung,256 GB,1979.1,2199.0,10.0,EUR,4.8548,7066.0,https://www.mediamarkt.es/es/product/_movil-samsung-galaxy-z-fold8-ultra-grafito-256-gb-12-gb-ram-8-dynamic-amoled-2x-qualcomm-snapdragon-8-elite-gen-5-5000-mah-android-17-1669944.html
2026-09-26,147054728,"APPLE iPhone 16 Pro Max, Arena, Móvil iOS, 512 GB, 8 GB RAM, 6,9 "" Super Retina XDR, Ceramic Shield, 120 Hz, Recubrimiento oleofóbico, Anti-huellas, Apple, A18 Pro, 3692 mAh",Apple,512 GB,1050.0,1417.5,25.9,EUR,5.0,2.0,https://www.mediamarkt.es/es/product/_movil-apple-iphone-16-pro-max-arena-512-gb-8-gb-ram-69-super-retina-xdrceramic-shield120-hzrecubrimiento-oleofobicoanti-huellas-applea18-pro-ios-18-147054728.html
2026-09-26,1669927,"Samsung Galaxy Z Flip8, Blanco, 256 GB, 12 GB RAM, 6.9"" Dynamic AMOLED 2X , Exynos 2600, 4300 mAh, Android 17",Samsung,256 GB,1169.1,1299.0,10.0,EUR,4.8915,5675.0,https://www.mediamarkt.es/es/product/_movil-samsung-galaxy-z-flip8-blanco-256-gb-12-gb-ram-69-dynamic-amoled-2x-exynos-2600-4300-mah-android-17-1669927.html
2026-09-26,1620275,"Samsung Galaxy S26+, Violeta, 512 GB, 12 GB RAM, 6.7"" QHD+, Exynos 2600, 4900 mAh, Android 16",Samsung,512 GB,1198.0,1449.0,17.3,EUR,4.7453,1963.0,https://www.mediamarkt.es/es/product/_movil-samsung-galaxy-s26-plus-violeta-512-gb-12-gb-ram-67-qhd-exynos-2600-4900-mah-android-16-1620275.html
2026-09-26,1620267,"Samsung Galaxy S26, Violeta, 512 GB, 12 GB RAM , 6.3"" FHD+, Exynos 2600, 4300 mAh, Android 16",Samsung,512 GB,1099.0,1199.0,8.3,EUR,4.7472,5689.0,https://www.mediamarkt.es/es/product/_movil-samsung-galaxy-s26-violeta-512-gb-12-gb-ram-63-fhd-exynos-2600-4300-mah-android-16-1620267.html
2026-09-26,1620681,"realme 16 Pro, Grey, 512 GB, 8 GB RAM, 6.78"" AMOLED de 144Hz, Dimensity 7300-Max 5G, 6.500 mAh",Realme,512 GB,449.0,479.0,6.3,EUR,5.0,9.0,https://www.mediamarkt.es/es/product/_movil-realme-16-pro-grey-512-gb-8-gb-ram-678-amoled-de-144hz-dimensity-7300-max-5g-7000-mah-1620681.html
2026-09-26,1669953,"Samsung Galaxy Z Fold8 Ultra, Grafito, 1 TB, 16 GB RAM, 8"" Dynamic AMOLED 2X, Qualcomm Snapdragon 8 Elite Gen 5, 5000 mAh, Android 17",Samsung,1 TB,2519.1,2799.0,10.0,EUR,4.8633,6372.0,https://www.mediamarkt.es/es/product/_movil-samsung-galaxy-z-fold8-ultra-grafito-1-tb-16-gb-ram-8-dynamic-amoled-2x-qualcomm-snapdragon-8-elite-gen-5-5000-mah-android-17-1669953.html
2026-09-26,1669932,"Samsung Galaxy Z Flip8, Grafito, 512 GB, 12 GB RAM, 6.9"" Dynamic AMOLED 2X , Exynos 2600, 4300 mAh, Android 17",Samsung,512 GB,1349.1,1499.0,10.0,EUR,4.8915,5675.0,https://www.mediamarkt.es/es/product/_movil-samsung-galaxy-z-flip8-grafito-512-gb-12-gb-ram-69-dynamic-amoled-2x-exynos-2600-4300-mah-android-17-1669932.html
2026-09-26,1667649,"OPPO Bundle Reno16 F, Blanco, 256 GB, 8 GB RAM, 6.57"" AMOLED, Mediatek Dimensity 7300, 6500 mAh, Incluye Funda y Cargador",Oppo,256 GB,499.0,599.0,16.7,EUR,4.0,4.0,https://www.mediamarkt.es/es/product/_movil-oppo-bundle-reno16-f-blanco-256-gb-8-gb-ram-657-amoled-mediatek-dimensity-7300-6500-mah-incluye-funda-y-cargador-1667649.html
2026-09-26,176079087,"OUKITEL WP23PLUS, Naranja, Móvil Android, 256 GB, 8 GB RAM, 6,52 "", Procesador Octa-Core, 10600 mAh",Oukitel,256 GB,139.99,289.99,51.7,EUR,5.0,1.0,https://www.mediamarkt.es/es/product/_oukitel-wp23plus-naranja-movil-android-256-gb-652-procesador-octa-core-176079087.html
2026-09-26,157635590,"HONOR 400 5G, Negro, Móvil Android, 512 GB, 8 GB RAM, 6,55 "" AMOLED, 120 Hz, Qualcomm Snapdragon 7 Gen 3 (4 nm), 5300 mAh",Honor,512 GB,329.0,409.0,19.6,EUR,4.9091,11.0,https://www.mediamarkt.es/es/product/_movil-honor-400-5g-negro-512-gb-8-gb-ram-655-qualcomm-snapdragon-7-gen-3-4-nm-android-157635590.html
2026-09-26,146562739,"APPLE iPhone 16 Pro, Arena, Móvil iOS, 1000 GB, 8 GB RAM, 6,3 "" Super Retina XDR, Ceramic Shield, 120 Hz, Recubrimiento oleofóbico, Anti-huellas, Apple, A18 Pro, 4674 mAh",Apple,1000 GB,1024.33,1382.85,25.9,EUR,5.0,2.0,https://www.mediamarkt.es/es/product/_movil-apple-iphone-16-pro-arena-1-tb-8-gb-ram-63-super-retina-xdrceramic-shield120-hzrecubrimiento-oleofobicoanti-huellas-applea18-pro-ios-18-146562739.html
2026-09-26,1669949,"Samsung Galaxy Z Fold8 Ultra, Violeta Nocturno, 512GB, 12GB RAM, 8"" Dynamic AMOLED 2X, Qualcomm Snapdragon 8 Elite Gen 5, 5000 mAh, Android 17",Samsung,512 GB,2159.1,,,EUR,4.8644,6356.0,https://www.mediamarkt.es/es/product/_movil-samsung-galaxy-z-fold8-ultra-violeta-nocturno-512gb-12gb-ram-8-dynamic-amoled-2x-qualcomm-snapdragon-8-elite-gen-5-5000-mah-android-17-1669949.html
2026-09-26,1620276,"Samsung Galaxy S26+, Blanco, 512 GB, 12 GB RAM, 6.7"" QHD+, Exynos 2600, 4900 mAh, Android 16",Samsung,512 GB,1198.0,1449.0,17.3,EUR,4.7462,1962.0,https://www.mediamarkt.es/es/product/_movil-samsung-galaxy-s26-plus-blanco-512-gb-12-gb-ram-67-qhd-exynos-2600-4900-mah-android-16-1620276.html
2026-09-26,166951318,"SAMSUNG Galaxy A56 5G Globale Version, Black, Móvil Android, 256 GB, 8 GB RAM, 6,7 "", Exynos 1580 (S5E8855), 5000 mAh",Samsung,256 GB,359.99,399.99,10.0,EUR,5.0,1.0,https://www.mediamarkt.es/es/product/_samsung-galaxy-a56-5g-globale-version-black-movil-android-256-gb-8-gb-ram-67-exynos-1580-s5e8855-5000-mah-166951318.html
2026-09-26,155726838,"REALME GT7T 6.8P/5G/8N/12+256GB/BL, Azul, Móvil Sistema operativo propietario, 256 GB, 12 GB RAM, 6,8 "" LTPS 2.5D, Dimensity 8400MAX, 7000 mAh",Realme,256 GB,329.0,409.0,19.6,EUR,5.0,1.0,https://www.mediamarkt.es/es/product/_movil-realme-gt7t-azul-256-gb-12-gb-ram-68-ltps-25d-dimensity-8400max-7000-mah-sistema-operativo-propietario-155726838.html
2026-09-26,175171386,"POCO M8, Black, Móvil Android, 512 GB, 12 GB RAM, 6,77 "", Snapdragon 6 Gen 3, 5520 mAh",Poco,512 GB,242.0,309.0,21.7,EUR,4.375,8.0,https://www.mediamarkt.es/es/product/_poco-m8-black-movil-hyperos-512-gb-512-gb-ram-677-snapdragon-6-gen-3-5520-mah-175171386.html
2026-09-26,174405859,"XIAOMI Redmi A7 Pro, Green, Móvil Android, 128 GB, 4 GB RAM, 6,9 "" 120 Hz, , 6000 mAh",Xiaomi,128 GB,120.0,,,EUR,4.1429,7.0,https://www.mediamarkt.es/es/product/_xiaomi-redmi-a7-pro-green-movil-android-128-gb-4-gb-ram-69-6000-mah-174405859.html
2026-09-26,175171373,"POCO M8, Green, Móvil Android, 512 GB, 12 GB RAM, 6,77 "", Snapdragon 6 Gen 3, 5520 mAh",Poco,512 GB,245.0,309.0,20.7,EUR,4.2857,7.0,https://www.mediamarkt.es/es/product/_poco-m8-green-movil-hyperos-512-gb-512-gb-ram-677-snapdragon-6-gen-3-5520-mah-175171373.html
2026-09-26,134569733,"APPLE iPhone 15 Pro Max, Azul, Móvil iOS, 256 GB, 8 GB RAM, 6,7 "" Super Retina XDR, Ceramic Shield, 120 Hz, Recubrimiento oleofóbico, Anti-huellas, Chip A17 Pro (CPU de 6 núcleos, GPU de 6 núcleos y Neural Engine de 16 núcleos), 4422 mAh",Apple,256 GB,768.45,904.0,15.0,EUR,4.0933,75.0,https://www.mediamarkt.es/es/product/_smartphone-iphone-15-pro-max-azul-256-gb-ram-8-gb-apple-azul-256-gb-67-a17-pro-chip-4422-mahmah-134569733.html
2026-09-26,146563549,"APPLE iPhone 16, Azul, Móvil iOS, 256 GB, 8 GB RAM, 6,1 "" Super Retina XDR, Ceramic Shield, Recubrimiento oleofóbico, Anti-huellas, Apple, A18, 4685 mAh",Apple,256 GB,1194.0,1405.0,15.0,EUR,5.0,5.0,https://www.mediamarkt.es/es/product/_movil-apple-iphone-16-azul-256-gb-8-gb-ram-61-super-retina-xdrceramic-shieldrecubrimiento-oleofobicoanti-huellas-applea18-ios-18-146563549.html
2026-09-26,126337777,"APPLE 1561338 IPHONE 15 PLUS BLUE 128GB-YPT, Azul, Móvil iOS, 128 GB, 6 GB RAM, 6,7 "" LCD, Chip A16 Bionic, 4383 mAh",Apple,128 GB,599.0,808.65,25.9,EUR,4.8,5.0,https://www.mediamarkt.es/es/product/_movil-15-plus-apple-azul-128-gb-6-gb-67-apple-a16-bionic-4-nm-126337777.html
2026-09-26,1669945,"Samsung Galaxy Z Fold8 Ultra, Violeta Nocturno, 256GB, 12GB RAM, 8"" Dynamic AMOLED 2X, Qualcomm Snapdragon 8 Elite Gen 5, 5000 mAh, Android 17",Samsung,256 GB,1979.1,2199.0,10.0,EUR,4.8592,7214.0,https://www.mediamarkt.es/es/product/_movil-samsung-galaxy-z-fold8-ultra-violeta-nocturno-256gb-12gb-ram-8-dynamic-amoled-2x-qualcomm-snapdragon-8-elite-gen-5-5000-mah-android-17-1669945.html
2026-09-26,1671316,"REACONDICIONADO Excelente Apple iPhone 14 Pro, Plata, 256 GB, 5G, 6.1"", Pantalla Super Retina XDR, Chip A16 Bionic, iOS",Reacondicionado,256 GB,629.0,699.0,10.0,EUR,5.0,1.0,https://www.mediamarkt.es/es/product/_reacondicionado-excelente-apple-iphone-14-pro-plata-256-gb-5g-61-pantalla-super-retina-xdr-chip-a16-bionic-ios-1671316.html
2026-09-26,1620271,"Samsung Galaxy S26+, Violeta, 256 GB, 12 GB RAM , 6.7"" QHD+, Exynos 2600, 4900 mAh, Android 16",Samsung,256 GB,1049.0,1249.0,16.0,EUR,4.8167,6252.0,https://www.mediamarkt.es/es/product/_movil-samsung-galaxy-s26-plus-violeta-256-gb-12-gb-ram-67-qhd-exynos-2600-4900-mah-android-16-1620271.html
2026-09-26,1620266,"Samsung Galaxy S26, Azul Cielo, 512 GB, 12 GB RAM , 6.3"" FHD+, Exynos 2600, 4300 mAh, Android 16",Samsung,512 GB,1099.0,1199.0,8.3,EUR,4.7249,6765.0,https://www.mediamarkt.es/es/product/_movil-samsung-galaxy-s26-azul-cielo-512-gb-12-gb-ram-63-fhd-exynos-2600-4300-mah-android-16-1620266.html
2026-09-26,1669941,"Samsung Galaxy Z Fold8, Grafito, 1 TB, 16 GB RAM, 7.6"" Dynamic AMOLED 2X, Qualcomm Snapdragon 8 Elite Gen 5, 4800 mAh, Android 17",Samsung,1 TB,2339.1,2599.0,10.0,EUR,4.8542,6256.0,https://www.mediamarkt.es/es/product/_movil-samsung-galaxy-z-fold8-grafito-1-tb-16-gb-ram-76-dynamic-amoled-2x-qualcomm-snapdragon-8-elite-gen-5-4800-mah-android-17-1669941.html
2026-09-26,1620268,"Samsung Galaxy S26, Blanco, 512 GB, 12 GB RAM , 6.3"" FHD+, Exynos 2600, 4300 mAh, Android 16",Samsung,512 GB,1099.0,1199.0,8.3,EUR,4.7478,5687.0,https://www.mediamarkt.es/es/product/_movil-samsung-galaxy-s26-blanco-512-gb-12-gb-ram-63-fhd-exynos-2600-4300-mah-android-16-1620268.html
2026-09-26,1671431,"REACONDICIONADO Excelente Apple iPhone 14 Pro, Púrpura, 256 GB, 5G, 6.1"", Pantalla Super Retina XDR, Chip A16 Bionic, iOS",Reacondicionado,256 GB,629.0,699.0,10.0,EUR,,,https://www.mediamarkt.es/es/product/_reacondicionado-excelente-apple-iphone-14-pro-purpura-256-gb-5g-61-pantalla-super-retina-xdr-chip-a16-bionic-ios-1671431.html
2026-09-26,1669942,"Samsung Galaxy Z Fold8, Lavanda, 1 TB, 16 GB RAM, 7.6"" Dynamic AMOLED 2X, Qualcomm Snapdragon 8 Elite Gen 5, 4800 mAh, Android 17",Samsung,1 TB,2339.1,2599.0,10.0,EUR,4.8542,6256.0,https://www.mediamarkt.es/es/product/_movil-samsung-galaxy-z-fold8-lavanda-1-tb-16-gb-ram-76-dynamic-amoled-2x-qualcomm-snapdragon-8-elite-gen-5-4800-mah-android-17-1669942.html
2026-09-26,1671317,"REACONDICIONADO Excelente Apple iPhone 14 Pro, Oro, 256 GB, 5G, 6.1"", Pantalla Super Retina XDR, Chip A16 Bionic, iOS",Reacondicionado,256 GB,629.0,699.0,10.0,EUR,5.0,1.0,https://www.mediamarkt.es/es/product/_reacondicionado-excelente-apple-iphone-14-pro-oro-256-gb-5g-61-pantalla-super-retina-xdr-chip-a16-bionic-ios-1671317.html
2026-09-26,1620274,"Samsung Galaxy S26+, Azul Cielo, 512 GB, 12 GB RAM, 6.7"" QHD+, Exynos 2600, 4900 mAh, Android 16",Samsung,512 GB,1198.0,1449.0,17.3,EUR,4.7463,1963.0,https://www.mediamarkt.es/es/product/_movil-samsung-galaxy-s26-plus-azul-cielo-512-gb-12-gb-ram-67-qhd-exynos-2600-4900-mah-android-16-1620274.html
2026-09-26,1669954,"Samsung Galaxy Z Fold8 Ultra, Violeta Nocturno, 1 TB, 16 GB RAM, 8"" Dynamic AMOLED 2X, Qualcomm Snapdragon 8 Elite Gen 5, 5000 mAh, Android 17",Samsung,1 TB,2519.1,2799.0,10.0,EUR,4.8643,6353.0,https://www.mediamarkt.es/es/product/_movil-samsung-galaxy-z-fold8-ultra-violeta-nocturno-1-tb-16-gb-ram-8-dynamic-amoled-2x-qualcomm-snapdragon-8-elite-gen-5-5000-mah-android-17-1669954.html
2026-09-26,1669948,"Samsung Galaxy Z Fold8 Ultra, Grafito, 512 GB, 12 GB RAM, 8"" Dynamic AMOLED 2X, Qualcomm Snapdragon 8 Elite Gen 5, 5000 mAh, Android 17",Samsung,512 GB,2159.1,2399.0,10.0,EUR,4.8644,6355.0,https://www.mediamarkt.es/es/product/_movil-samsung-galaxy-z-fold8-ultra-grafito-512-gb-12-gb-ram-8-dynamic-amoled-2x-qualcomm-snapdragon-8-elite-gen-5-5000-mah-android-17-1669948.html
2026-09-26,165753346,"REALME 14 Pro+ 5G, 120Hz, IP69, Gris, Móvil Android, 256 GB, 8 GB RAM, 6,83 "", Qualcomm Snapdragon®, 5260 mAh",Realme,256 GB,289.0,349.0,17.2,EUR,4.3333,3.0,https://www.mediamarkt.es/es/product/_realme-14-pro-5g-gris-movil-android-256-gb-8-gb-ram-683-qualcomm-snapdragonr-6000-mah-165753346.html
2026-09-26,1669943,"Samsung Galaxy Z Fold8 Ultra, Blanco, 256 GB, 12 GB RAM, 8"" Dynamic AMOLED 2X, Qualcomm Snapdragon 8 Elite Gen 5, 5000 mAh, Android 17",Samsung,256 GB,1979.1,2199.0,10.0,EUR,4.8547,7062.0,https://www.mediamarkt.es/es/product/_movil-samsung-galaxy-z-fold8-ultra-blanco-256-gb-12-gb-ram-8-dynamic-amoled-2x-qualcomm-snapdragon-8-elite-gen-5-5000-mah-android-17-1669943.html
2026-09-26,1669931,"Samsung Galaxy Z Flip8, Blanco, 512 GB, 12 GB RAM, 6.9"" Dynamic AMOLED 2X , Exynos 2600, 4300 mAh, Android 17",Samsung,512 GB,1349.1,1499.0,10.0,EUR,4.8915,5675.0,https://www.mediamarkt.es/es/product/_movil-samsung-galaxy-z-flip8-blanco-512-gb-12-gb-ram-69-dynamic-amoled-2x-exynos-2600-4300-mah-android-17-1669931.html
2026-09-26,1671314,"REACONDICIONADO Excelente Apple iPhone 13 Pro, Verde alpino, 128 GB, 5G, 6.1"" OLED Super Retina XDR ProMotion, Chip A15 Bionic, iOS",Reacondicionado,128 GB,449.0,499.0,10.0,EUR,4.0,1.0,https://www.mediamarkt.es/es/product/_reacondicionado-excelente-apple-iphone-13-pro-verde-alpino-128-gb-5g-61-oled-super-retina-xdr-promotion-chip-a15-bionic-ios-1671314.html
2026-09-26,1669946,"Samsung Galaxy Z Fold8 Ultra, Blanco, 512 GB, 12 GB RAM, 8"" Dynamic AMOLED 2X, Qualcomm Snapdragon 8 Elite Gen 5, 5000 mAh, Android 17",Samsung,512 GB,2159.1,2399.0,10.0,EUR,4.8644,6356.0,https://www.mediamarkt.es/es/product/_movil-samsung-galaxy-z-fold8-ultra-blanco-512-gb-12-gb-ram-8-dynamic-amoled-2x-qualcomm-snapdragon-8-elite-gen-5-5000-mah-android-17-1669946.html
2026-09-26,134776876,"GOOGLE PIXEL 8 PRO 6.2P/5G/8N/12+256GB/W, Porcelana, Móvil Android, 256 GB, 12 GB RAM, 6,7 "" OLED LTPO a 489 ppp, Google Tensor G3, 5,050 mAh",Google,256 GB,469.0,633.15,25.9,EUR,4.5,18.0,https://www.mediamarkt.es/es/product/_movil-pixel-8-pro-google-celeste-256-gb-12-gb-67-oled-ltpo-a-489-ppp-google-tensor-g3-5050-mahmah-134776876.html
2026-09-26,1669940,"Samsung Galaxy Z Fold8, Blanco, 1 TB, 16 GB RAM, 7.6"" Dynamic AMOLED 2X, Qualcomm Snapdragon 8 Elite Gen 5, 4800 mAh, Android 17",Samsung,1 TB,2339.1,2599.0,10.0,EUR,4.8542,6256.0,https://www.mediamarkt.es/es/product/_movil-samsung-galaxy-z-fold8-blanco-1-tb-16-gb-ram-76-dynamic-amoled-2x-qualcomm-snapdragon-8-elite-gen-5-4800-mah-android-17-1669940.html
2026-09-26,1672743,"realme C100X, Golden Coast, 256 GB, 4 GB, 6.8 "" HD +, Unisoc T7250, 7500 mAh + Auriculares Techlife Buds",Realme,256 GB,229.0,249.0,8.0,EUR,,,https://www.mediamarkt.es/es/product/_movil-realme-c100x-golden-coast-256-gb-4-gb-68-hd-unisoc-t7250-7500-mah-1672743.html
2026-09-26,1671291,"REACONDICIONADO Excelente Apple iPhone 14, Amarillo, 128 GB, 5G, 6.1"" OLED Super Retina XDR, Chip A15 Bionic, iOS",Reacondicionado,128 GB,379.0,469.0,19.2,EUR,,,https://www.mediamarkt.es/es/product/_reacondicionado-excelente-apple-iphone-14-amarillo-128-gb-5g-61-oled-super-retina-xdr-chip-a15-bionic-ios-1671291.html
2026-09-26,98533373,"SAMSUNG NOTE20 ULTRA 6.9P/5G/8N/12+256GB/B, Negro, Móvil Android, 256 GB, 12 GB RAM, 6,9 "" WQHD+, Exynos 990 (7 nm+), 4,500 mAh",Samsung,256 GB,383.9,483.9,20.7,EUR,4.4157,7174.0,https://www.mediamarkt.es/es/product/_movil-galaxy-note-20-ultra-5g-samsung-negro-256-gb-69-exynos-990-98533373.html
2026-09-26,136494760,"ONEPLUS 12 6,82P/5G/8N/16+512GB/GR, Esmeralda, Móvil Android, 512 GB, 16 GB RAM, 6,82 "" 3168 x 1440 pixel, Qualcomm Snapdragon 8 Gen3, 5400 mAh",Oneplus,512 GB,736.59,883.91,16.7,EUR,4.8889,9.0,https://www.mediamarkt.es/es/product/_movil-12-682p5g8n12256gbb-oneplus-esmeralda-512-gb-16-gb-682-3168-x-1440-pixel-qualcomm-snapdragon-8-gen3-5400-mahmah-136494760.html
2026-09-26,1667645,"OPPO Reno16 F, Púrpura Negro, 256 GB, 8 GB RAM, 6.57"" AMOLED, Mediatek Dimensity 7300, 6500 mAh",Oppo,256 GB,499.0,599.0,16.7,EUR,,,https://www.mediamarkt.es/es/product/_movil-oppo-reno16-f-purpura-negro-256-gb-8-gb-ram-657-amoled-mediatek-dimensity-7300-6500-mah-1667645.html
2026-09-26,1672744,"realme C100X, Azul, 256 GB, 4 GB, 6.8 "" HD +, Unisoc T7250, 7500 mAh + Auriculares Techlife Buds",Realme,256 GB,229.0,249.0,8.0,EUR,,,https://www.mediamarkt.es/es/product/_movil-realme-c100x-azul-256-gb-4-gb-68-hd-unisoc-t7250-7500-mah-1672744.html
2026-09-26,1667646,"OPPO Reno16 F, Blanco, 256 GB, 8 GB RAM, 6.57"" AMOLED, Mediatek Dimensity 7300, 6500 mAh",Oppo,256 GB,499.0,599.0,16.7,EUR,,,https://www.mediamarkt.es/es/product/_movil-oppo-reno16-f-blanco-256-gb-8-gb-ram-657-amoled-mediatek-dimensity-7300-6500-mah-1667646.html
2026-09-26,133243643,"OPPO Find N2 Flip, Negro, Móvil Android, 256 GB, 8 GB RAM, 6,8 "" Full HD+, Mediatek Dimensity 9000+ (4 nm), 4300 mAh",Oppo,256 GB,394.9,494.9,20.2,EUR,,,https://www.mediamarkt.es/es/product/_movil-find-n2-flip-oppo-negro-256-gb-8-gb-68-full-hd-mediatek-dimensity-9000-4-nm-133243643.html
2026-09-26,1612748,"Xiaomi Redmi Note 15 5G, Púrpura, 256 GB, 8 GB RAM, 6.77"" AMOLED FHD+, Snapdragon 6 Gen 3, 5520 mAh",Xiaomi,256 GB,279.0,299.0,6.7,EUR,4.6797,128.0,https://www.mediamarkt.es/es/product/_movil-xiaomi-redmi-note-15-5g-purpura-256-gb-8-gb-ram-677-amoled-fhd-mediatek-helio-g100-ultra-6000-mah-1612748.html
2026-09-26,1604158,"Samsung Galaxy A17 LTE, Negro, 128 GB, 4 GB RAM, 6.7"", FHD+ Super AMOLED, Mediatek G99 Octa-core, 5000 mAh, Android 15",Samsung,128 GB,209.0,239.0,12.6,EUR,4.4921,699.0,https://www.mediamarkt.es/es/product/_movil-samsung-galaxy-a17-lte-negro-128-gb-4-gb-ram-67-fhd-super-amoled-mediatek-g99-octa-core-5000-mah-android-15-1604158.html
2026-09-26,1671785,"Xiaomi Redmi 17, Verde, 256 GB, 4 GB RAM, 6.9"" LCD HD+, MediaTek Helio G91-Ultr, 7500 mAh",Xiaomi,256 GB,199.2,249.0,20.0,EUR,2.5,2.0,https://www.mediamarkt.es/es/product/_movil-xiaomi-redmi-17-verde-256-gb-4-gb-ram-69-lcd-hd-mediatek-helio-g91-ultr-7500-mah-1671785.html
2026-09-26,142498354,"APPLE 1561373 IPHONE 15 PRO MAX BLUE 512GB-YPT, Azul, Móvil iOS, 512 GB, 8 GB RAM, 6,7 "" Super Retina XDR, Ceramic Shield, 120 Hz, Recubrimiento oleofóbico, Anti-huellas, Chip A17 Pro (CPU de 6 núcleos, GPU de 6 núcleos y Neural Engine de 16 núcleos)",Apple,512 GB,844.77,999.0,15.4,EUR,5.0,4.0,https://www.mediamarkt.es/es/product/_movil-apple-iphone-15-pro-max-azul-512-gb-8-gb-ram-67-apple-a17-pro-3-nm-17-142498354.html
2026-09-26,147052596,"APPLE iPhone 16 Plus, Not available, Smartphone iOS, 128 GB, 8 GB RAM, 6,7 "" Super Retina XDR, Ceramic Shield, Recubrimiento oleofóbico, Anti-huellas, Processor, 4674 mAh",Apple,128 GB,807.5,,,EUR,4.6667,15.0,https://www.mediamarkt.es/es/product/_movil-apple-iphone-16-plus-rosa-128-gb-8-gb-ram-67-super-retina-xdr-ceramic-shield-recubrimiento-oleofobico-anti-huellas-apple-a18-ios-18-147052596.html
2026-09-26,126337857,"APPLE iPhone 15 Pro Max, Blanco, Móvil iOS, 256 GB, 8 GB RAM, 6,7 "" Super Retina XDR, Ceramic Shield, 120 Hz, Recubrimiento oleofóbico, Anti-huellas, Chip A17 Pro (CPU de 6 núcleos, GPU de 6 núcleos y Neural Engine de 16 núcleos), 4441 mAh",Apple,256 GB,830.75,999.0,16.8,EUR,4.5556,9.0,https://www.mediamarkt.es/es/product/_movil-15-pro-max-apple-blanco-256-gb-8-gb-67-apple-a17-pro-3-nm-126337857.html
2026-09-26,149593215,"SAMSUNG SM-S931BLBGEUE, Icyblue, Móvil Android, 256 GB, 12 GB RAM, 6,2 "" Dynamic LTPO AMOLED 2X FHD+ con 1-120Hz adaptativo, Qualcomm Snapdragon 8 Elite, 4000 mAh",Samsung,256 GB,802.99,916.61,12.4,EUR,4.7643,26714.0,https://www.mediamarkt.es/es/product/_movil-samsung-galaxy-s25-azul-256-gb-12-gb-ram-62-qualcomm-snapdragon-8-elite-3-nm-4000-mah-149593215.html
2026-09-26,163016243,"XIAOMI 15T PRO 6,83P/5G/8N/12+256GB/B       , Negro, Móvil Android, 256 GB, 12 GB RAM, 6,83 "" AMOLED, Gorilla Glass 7i, 144 Hz, Mediatek Dimensity 9400+ (3 nm), 5500 mAh",Xiaomi,256 GB,686.14,,,EUR,5.0,1.0,https://www.mediamarkt.es/es/product/_xiaomi-15t-pro-negro-movil-android-256-gb-12-gb-ram-683-amoled-gorilla-glass-7i-144-hz-mediatek-dimensity-9400-3-nm-5500-mah-163016243.html
2026-09-26,178938274,"OPPO A6k, Negro, Móvil Android, 256 GB, 4 GB RAM, 6,75 "", Quad-Core 1.5 GHz",Oppo,256 GB,159.0,199.0,20.1,EUR,,,https://www.mediamarkt.es/es/product/_oppo-a6k-negro-movil-android-256-gb-4-gb-ram-675-quad-core-15-ghz-178938274.html
2026-09-26,183435184,"XIAOMI Poco F9 Ultra 5G, Negro, Móvil, 256 GB, 12 GB RAM, 6,90 "", Qualcomm Snapdragon 8 Elite Gen 5 (3 nm), 7880 mAh",Xiaomi,256 GB,854.41,975.11,12.4,EUR,5.0,1.0,https://www.mediamarkt.es/es/product/_xiaomi-poco-f9-ultra-5g-negro-movil-256-gb-12-gb-ram-690-qualcomm-snapdragon-8-elite-gen-5-3-nm-7880-mah-183435184.html
2026-09-26,166930398,"BLACKVIEW FORT 2, Negro, Móvil Android, 256 GB, 8 GB RAM, 6,56 "" HD+ IPS 90Hz, MediaTek Helio G81(Octa-Core), 5000 mAh",Blackview,256 GB,199.0,259.0,23.2,EUR,4.2,5.0,https://www.mediamarkt.es/es/product/_blackview-fort-2-negro-movil-android-256-gb-8-gb-ram-656-hd-ips-90hz-mediatek-helio-g81octa-core-5000-mah-166930398.html
2026-09-26,175660968,"OUKITEL C68PLUS, Morado, Móvil Android, 512 GB, 8 GB RAM, 7,2 "", Procesador Octa-Core, 6000 mAh",Oukitel,512 GB,175.99,299.99,41.3,EUR,,,https://www.mediamarkt.es/es/product/_oukitel-c68plus-morado-movil-android-512-gb-8-gb-ram-72-procesador-octa-core-6000-mah-175660968.html
2026-09-26,1612749,"Xiaomi Redmi Note 15 5G, Negro, 256 GB, 8 GB RAM, 6.77"" AMOLED FHD+, Snapdragon 6 Gen 3, 5520 mAh",Xiaomi,256 GB,279.0,299.0,6.7,EUR,4.6923,130.0,https://www.mediamarkt.es/es/product/_movil-xiaomi-redmi-note-15-5g-negro-256-gb-8-gb-ram-677-amoled-fhd-mediatek-helio-g100-ultra-6000-mah-1612749.html
2026-09-26,126337779,"APPLE 1561355 IPHONE 15 PRO WHITE 256GB-YPT, Blanco, Móvil iOS, 256 GB, 8 GB RAM, 6,1 "" Super Retina XDR, Ceramic Shield, 120 Hz, Recubrimiento oleofóbico, Anti-huellas, Chip A17 Pro (CPU de 6 núcleos, GPU de 6 núcleos y Neural Engine de 16 núcleos), 3274 mAh",Apple,256 GB,725.89,854.0,15.0,EUR,4.3333,3.0,https://www.mediamarkt.es/es/product/_movil-15-pro-apple-blanco-256-gb-8-gb-61-apple-a17-pro-3-nm-126337779.html
2026-09-26,162257901,"SAMSUNG Galaxy S25 FE, Negro, Móvil Android, 256 GB, 8 GB RAM, 6,7 "" Dynamc AMOLED 2X FHD+, Octa-Core Processor, 4900 mAh",Samsung,256 GB,564.0,799.0,29.4,EUR,4.7449,4783.0,https://www.mediamarkt.es/es/product/_samsung-galaxy-s25-fe-negro-movil-android-256-gb-8-gb-ram-67-dynamc-amoled-2x-fhd-octa-core-processor-4900-mah-162257901.html
2026-09-26,145802289,"SAMSUNG Galaxy S24 FE, Amarillo, Móvil Android, 128 GB, 8 GB RAM, 6,7 "" Dynamic AMOLED 2X, Gorilla Glass, 120 Hz, , 4,700 mAh",Samsung,128 GB,414.11,,,EUR,4.6747,5041.0,https://www.mediamarkt.es/es/product/_movil-samsung-galaxy-s24-fe-amarillo-128-gb-8-gb-ram-67-dynamic-amoled-2x-gorilla-glass-120-hz-samsung-exynos-4700-mah-android-145802289.html
2026-09-26,160825993,"OPPO RENO14 6.59P/5G/8N/12+256GB/GR, Luminous Green, Móvil Android, 256 GB, 12 GB RAM, 6,59 "" 2.5D AMOLED, Mediatek Dimensity 8350 (4nm), 6000 mAh",Oppo,256 GB,479.0,549.0,12.8,EUR,5.0,2.0,https://www.mediamarkt.es/es/product/_oppo-reno14-luminous-green-movil-android-256-gb-12-gb-ram-659-25d-amoled-mediatek-dimensity-8350-4nm-6000-mah-160825993.html
2026-09-26,175171387,"POCO M8, Silver, Móvil Android, 512 GB, 12 GB RAM, 6,77 "", Snapdragon 6 Gen 3, 5520 mAh",Poco,512 GB,249.0,309.0,19.4,EUR,4.1667,6.0,https://www.mediamarkt.es/es/product/_poco-m8-silver-movil-hyperos-512-gb-512-gb-ram-677-snapdragon-6-gen-3-5520-mah-175171387.html
2026-09-26,179633970,"BLACKVIEW ROCK 5, Negro, Móvil Android, 256 GB, 12 GB RAM, 6,78 "" BOE 120Hz, MediaTek Helio G100, 20000 mAh",Blackview,256 GB,339.0,509.0,33.4,EUR,,,https://www.mediamarkt.es/es/product/_blackview-rock-5-negro-movil-android-256-gb-12-gb-ram-678-boe-120hz-mediatek-helio-g100-20000-mah-179633970.html
2026-09-26,1674334,"Apple iPhone 18 Pro, Plata, 256 GB, 6.3"" OLED Super Retina XDR, 5G, Chip A20 Pro, Siri AI, iOS",Apple,256 GB,1469.0,,,EUR,5.0,8.0,https://www.mediamarkt.es/es/product/_apple-iphone-18-pro-plata-256-gb-63-oled-super-retina-xdr-5g-chip-a20-pro-siri-ai-ios-1674334.html
2026-09-26,1595132,"Apple iPhone 16e, Negro, 128 GB, 5G, 6.1 "" OLED Super Retina XDR, Chip A18, iOS",Apple,128 GB,689.0,709.0,2.8,EUR,4.7876,565.0,https://www.mediamarkt.es/es/product/_apple-iphone-16e-negro-128-gb-5g-61-oled-super-retina-xdr-chip-a18-ios-1595132.html
2026-09-26,1674340,"Apple iPhone 18 Pro, Azul glaciar, 512 GB, 6.3"" OLED Super Retina XDR, 5G, Chip A20 Pro, Siri AI, iOS",Apple,512 GB,1719.0,,,EUR,5.0,8.0,https://www.mediamarkt.es/es/product/_apple-iphone-18-pro-azul-glaciar-512-gb-63-oled-super-retina-xdr-5g-chip-a20-pro-siri-ai-ios-1674340.html
2026-09-26,1603399,"Google Pixel 10, Obsidiana, 256 GB, 12 GB RAM, 6.3"" Actua OLED, Google Tensor G5, 4970 mAh, Android 16",Google,256 GB,649.0,699.0,7.2,EUR,4.6918,279.0,https://www.mediamarkt.es/es/product/_movil-google-pixel-10-obsidiana-256-gb-12-gb-ram-63-actua-oled-google-tensor-g5-4970-mah-android-16-1603399.html
2026-09-26,1603395,"Google Pixel 10, Obsidiana, 128 GB, 12 GB RAM, 6.3"" Actua OLED, Google Tensor G5, 4970 mAh, Android 16",Google,128 GB,549.0,599.0,8.3,EUR,4.7366,262.0,https://www.mediamarkt.es/es/product/_movil-google-pixel-10-obsidiana-128-gb-12-gb-ram-63-actua-oled-google-tensor-g5-4970-mah-android-16-1603395.html
2026-09-26,181736997,"OUKITEL WP56-12-512, Negro, Móvil Android, 512 GB, 12 GB RAM, 6,8 "", Octa-Core Processor, 16000 mAh",Oukitel,512 GB,299.99,599.99,50.0,EUR,,,https://www.mediamarkt.es/es/product/_oukitel-wp56-12-512-negro-movil-android-512-gb-68-octa-core-processor-181736997.html
2026-09-26,1674337,"Apple iPhone 18 Pro, Negro, 512 GB, 6.3"" OLED Super Retina XDR, 5G, Chip A20 Pro, Siri AI, iOS",Apple,512 GB,1719.0,,,EUR,5.0,8.0,https://www.mediamarkt.es/es/product/_apple-iphone-18-pro-negro-512-gb-63-oled-super-retina-xdr-5g-chip-a20-pro-siri-ai-ios-1674337.html
2026-09-26,1595133,"Apple iPhone 16e, Blanco, 128 GB, 5G, 6.1 "" OLED Super Retina XDR, Chip A18, iOS",Apple,128 GB,689.0,709.0,2.8,EUR,4.7925,559.0,https://www.mediamarkt.es/es/product/_apple-iphone-16e-blanco-128-gb-5g-61-oled-super-retina-xdr-chip-a18-ios-1595133.html
2026-09-26,1621068,"Xiaomi Redmi Note 14 Pro+, Midnight Black, 256 GB, 12 GB RAM, 6.67"" AMOLED, Snapdragon® 7s Gen 3 Mobile Platform, 5110 mAh",Xiaomi,256 GB,299.0,499.0,40.1,EUR,4.6829,41.0,https://www.mediamarkt.es/es/product/_movil-xiaomi-redmi-note-14-pro-midnight-black-256-gb-12-gb-ram-667-amoled-snapdragonr-7s-gen-3-mobile-platform-5110-mah-1621068.html
2026-09-26,168280956,"XIAOMI REDMI NOTE 15 6,77P/4G/8N/6+128GB/B      , Negro, Móvil Android, 128 GB, 8 GB RAM, 6,77 "" AMOLED FHD+, MediaTek Helio G100-Ultra, 6000 mAh",Xiaomi,128 GB,216.5,,,EUR,4.875,16.0,https://www.mediamarkt.es/es/product/_xiaomi-redmi-note-15-negro-movil-sistema-operativo-propietario-128-gb-6-gb-ram-677-amoled-fhd-mediatek-helio-g100-ultra-6000-mah-168280956.html
2026-09-26,1674338,"Apple iPhone 18 Pro, Plata, 512 GB, 6.3"" OLED Super Retina XDR, 5G, Chip A20 Pro, Siri AI, iOS",Apple,512 GB,1719.0,,,EUR,5.0,8.0,https://www.mediamarkt.es/es/product/_apple-iphone-18-pro-plata-512-gb-63-oled-super-retina-xdr-5g-chip-a20-pro-siri-ai-ios-1674338.html
2026-09-26,1619533,"Google Pixel 10a, Obsidiana, 256GB, 8GB RAM, 6.3"" pOLED a 422,2 ppp, Google Tensor G4, 5100 mAh",Google,256 GB,499.0,649.0,23.1,EUR,4.8095,126.0,https://www.mediamarkt.es/es/product/_movil-google-pixel-10a-obsidiana-256gb-8gb-ram-63-poled-a-4222-ppp-google-tensor-g4-5100-mah-1619533.html
2026-09-26,1561323,"Apple iPhone 15, Azul, 128 GB, 5G, 6.1"" OLED Super Retina XDR, Chip A16 Bionic, iOS",Apple,128 GB,689.0,709.0,2.8,EUR,4.7459,925.0,https://www.mediamarkt.es/es/product/_apple-iphone-15-azul-128-gb-5g-61-oled-super-retina-xdr-chip-a16-bionic-ios-1561323.html
2026-09-26,1622076,"Apple iPhone 17e, Negro, 256 GB, 5G, 6.1"" OLED Super Retina XDR, Chip A19, iOS",Apple,256 GB,849.0,859.0,1.2,EUR,4.7834,157.0,https://www.mediamarkt.es/es/product/_apple-iphone-17e-negro-256-gb-5g-61-oled-super-retina-xdr-chip-a19-ios-1622076.html
2026-09-26,1606156,"Apple iPhone Air, Negro espacial, 256 GB, 5G, 6.5 "" OLED Super Retina XDR, Chip A19 Pro, iOS",Apple,256 GB,939.0,1219.0,23.0,EUR,4.7742,93.0,https://www.mediamarkt.es/es/product/_apple-iphone-air-negro-espacial-256-gb-5g-65-oled-super-retina-xdr-chip-a19-pro-ios-1606156.html
2026-09-26,1603223,"Xiaomi Redmi 15C, Verde menta, 128GB, 4GB RAM, 6.9"" HD+, MediaTek Helio G81-Ultra, 6000 mAh",Xiaomi,128 GB,129.0,139.0,7.2,EUR,4.3621,58.0,https://www.mediamarkt.es/es/product/_movil-xiaomi-redmi-15c-verde-menta-128gb-4gb-ram-69-hd-mediatek-helio-g81-ultra-6000-mah-1603223.html
2026-09-26,1606128,"Apple iPhone 17, Lavanda, 256 GB, 5G, 6.3"" OLED Super Retina XDR, Chip A19, iOS",Apple,256 GB,1079.0,1109.0,2.7,EUR,4.821,922.0,https://www.mediamarkt.es/es/product/_apple-iphone-17-lavanda-256-gb-5g-63-oled-super-retina-xdr-chip-a19-ios-1606128.html
2026-09-26,1603226,"Xiaomi Redmi 15C, Negro medianoche, 256GB, 4GB RAM, 6.9"" HD+, MediaTek Helio G81-Ultra, 6000 mAh",Xiaomi,256 GB,149.0,159.0,6.3,EUR,4.2581,62.0,https://www.mediamarkt.es/es/product/_movil-xiaomi-redmi-15c-negro-medianoche-256gb-4gb-ram-69-hd-mediatek-helio-g81-ultra-6000-mah-1603226.html
2026-09-26,1668231,"OPPO A6x, Ice Blue, 128 GB, 4 GB RAM, 6.75 "" LCD Display, Qualcomm Snapdragon 685, 6100 mAh",Oppo,128 GB,139.0,159.0,12.6,EUR,5.0,4.0,https://www.mediamarkt.es/es/product/_movil-oppo-a6x-ice-blue-128-gb-4-gb-ram-675-lcd-display-qualcomm-snapdragon-685-6100-mah-1668231.html
2026-09-26,1606127,"Apple iPhone 17, Azul neblina, 256 GB, 5G, 6.3"" OLED Super Retina XDR, Chip A19, iOS",Apple,256 GB,1079.0,1109.0,2.7,EUR,4.8176,921.0,https://www.mediamarkt.es/es/product/_apple-iphone-17-azul-neblina-256-gb-5g-63-oled-super-retina-xdr-chip-a19-ios-1606127.html
2026-09-26,1603227,"Xiaomi Redmi 15C, Verde menta, 256GB, 4GB RAM, 6.9"" HD+, MediaTek Helio G81-Ultra, 6000 mAh",Xiaomi,256 GB,149.0,159.0,6.3,EUR,4.3929,56.0,https://www.mediamarkt.es/es/product/_movil-xiaomi-redmi-15c-verde-menta-256gb-4gb-ram-69-hd-mediatek-helio-g81-ultra-6000-mah-1603227.html
2026-09-26,1674358,"Apple iPhone 18 Pro Max, Plata, 1 TB, 6.9"" OLED Super Retina XDR, 5G, Chip A20 Pro, Siri AI, iOS",Apple,1 TB,2369.0,,,EUR,4.3333,6.0,https://www.mediamarkt.es/es/product/_apple-iphone-18-pro-max-plata-1-tb-69-oled-super-retina-xdr-5g-chip-a20-pro-siri-ai-ios-1674358.html
2026-09-26,1606148,"Apple iPhone 17 Pro Max, Naranja cósmico, 512 GB, 5G, 6.9"" OLED Super Retina XDR, Chip A19 Pro, iOS",Apple,512 GB,1549.0,1719.0,9.9,EUR,4.8803,493.0,https://www.mediamarkt.es/es/product/_apple-iphone-17-pro-max-naranja-cosmico-512-gb-5g-69-oled-super-retina-xdr-chip-a19-pro-ios-1606148.html
2026-09-26,1622078,"Apple iPhone 17e, Rosa, 256 GB, 5G, 6.1"" OLED Super Retina XDR, Chip A19, iOS",Apple,256 GB,849.0,859.0,1.2,EUR,4.7597,154.0,https://www.mediamarkt.es/es/product/_apple-iphone-17e-rosa-256-gb-5g-61-oled-super-retina-xdr-chip-a19-ios-1622078.html
2026-09-26,1671350,"Google Pixel 11 Pro, Obsidiana, 256GB, 12GB RAM, 6.34"" OLED, Google Tensor G6, 4850 mAh",Google,256 GB,1199.0,,,EUR,4.8409,44.0,https://www.mediamarkt.es/es/product/_google-pixel-11-pro-obsidiana-256gb-12gb-ram-634-oled-google-tensor-g6-4850-mah-1671350.html
2026-09-26,1603225,"Xiaomi Redmi 15C, Azul Luz de Luna, 128GB, 4GB RAM, 6.9"" HD+, MediaTek Helio G81-Ultra, 6000 mAh",Xiaomi,128 GB,129.0,139.0,7.2,EUR,4.3171,82.0,https://www.mediamarkt.es/es/product/_movil-xiaomi-redmi-15c-azul-luz-de-luna-128gb-4gb-ram-69-hd-mediatek-helio-g81-ultra-6000-mah-1603225.html
2026-09-26,1612751,"Xiaomi Redmi Note 15 5G, Azul glaciar, 512 GB, 12 GB RAM, 6.77"" AMOLED FHD+, Snapdragon 6 Gen 3, 5520 mAh",Xiaomi,512 GB,329.0,349.0,5.7,EUR,4.6984,126.0,https://www.mediamarkt.es/es/product/_movil-xiaomi-redmi-note-15-5g-azul-glaciar-512-gb-12-gb-ram-677-amoled-fhd-mediatek-helio-g100-ultra-6000-mah-1612751.html
2026-09-26,1612742,"Xiaomi Redmi Note 15, Azul glaciar, 128 GB, 6 GB RAM, 6.77"" AMOLED FHD+, MediaTek Helio G100-Ultra, 6000 mAh",Xiaomi,128 GB,199.0,,,EUR,4.679,162.0,https://www.mediamarkt.es/es/product/_movil-xiaomi-redmi-note-15-azul-glaciar-128-gb-6-gb-ram-677-amoled-fhd-mediatek-helio-g100-ultra-6000-mah-1612742.html
2026-09-26,161414211,"GOOGLE PIXEL 10 PRO 6.3P/5G/8N/16+128GB/OBSIDIAN, Obsidiana, Móvil Android, 128 GB, 16 GB RAM, 6,3 "" Super Actua OLED, Google Tensor G5, 4,970 mAh",Google,128 GB,694.99,833.99,16.7,EUR,4.6,15.0,https://www.mediamarkt.es/es/product/_google-pixel-10-pro-obsidiana-movil-android-128-gb-16-gb-ram-63-super-actua-oled-google-tensor-g5-4870-mah-161414211.html
2026-09-26,1671351,"Google Pixel 11 Pro, Gris niebla, 256GB, 12GB RAM, 6.34"" OLED, Google Tensor G6, 4850 mAh",Google,256 GB,1199.0,,,EUR,4.8261,46.0,https://www.mediamarkt.es/es/product/_google-pixel-11-pro-fog-256gb-12gb-ram-634-oled-google-tensor-g6-4850-mah-1671351.html
2026-09-26,162258182,"SAMSUNG A17 6.7P/4G/8N/4+128GB/G, Gris, Móvil Android, 128 GB, 4 GB RAM, 6,7 "" FHD+, MediaTek Helio G99 (6 nm), 5000 mAh",Samsung,128 GB,170.99,205.19,16.7,EUR,4.479,547.0,https://www.mediamarkt.es/es/product/_samsung-galaxy-a17-4g-gris-movil-android-128-gb-4-gb-ram-67-fhd-mediatek-helio-g99-6-nm-5000-mah-162258182.html
2026-09-26,1668230,"OPPO A6x, Púrpura, 128 GB, 4 GB RAM, 6.75 "" LCD Display, Qualcomm Snapdragon 685, 6100 mAh",Oppo,128 GB,139.0,159.0,12.6,EUR,5.0,4.0,https://www.mediamarkt.es/es/product/_movil-oppo-a6x-purpura-128-gb-4-gb-ram-675-lcd-display-qualcomm-snapdragon-685-6100-mah-1668230.html
2026-09-26,1674343,"Apple iPhone 18 Pro, Burdeos, 1 TB, 6.3"" OLED Super Retina XDR, 5G, Chip A20 Pro, Siri AI, iOS",Apple,1 TB,2219.0,,,EUR,5.0,8.0,https://www.mediamarkt.es/es/product/_apple-iphone-18-pro-burdeos-1-tb-63-oled-super-retina-xdr-5g-chip-a20-pro-siri-ai-ios-1674343.html
2026-09-26,1622077,"Apple iPhone 17e, Blanco, 256 GB, 5G, 6.1"" OLED Super Retina XDR, Chip A19, iOS",Apple,256 GB,849.0,859.0,1.2,EUR,4.7871,155.0,https://www.mediamarkt.es/es/product/_apple-iphone-17e-blanco-256-gb-5g-61-oled-super-retina-xdr-chip-a19-ios-1622077.html
2026-09-26,147714238,"SAMSUNG Galaxy A16 4G, Gris, Móvil Android, 128 GB, 4 GB RAM, 6,7 "" LCD, Mediatek Helio G99 (6nm) - Octa-core (2x2.2 GHz Cortex-A76 & 6x2.0 GHz Cortex-A55), 5000 mAh",Samsung,128 GB,161.0,,,EUR,4.3743,1702.0,https://www.mediamarkt.es/es/product/_movil-samsung-sm-a165fdsb-gray-128-gb-4-gb-ram-67-fhd-super-amoled-mediatek-g99-octa-core-5000-mah-android-147714238.html
2026-09-26,95771724,"APPLE iPhone 13 Midnight, Negro, Móvil iOS, 128 GB, 4 GB RAM, 6,1 "" OLED, Ceramic Shield, Anti-huellas, Chip A15 Bionic, 3,227 mAh",Apple,128 GB,317.9,417.9,23.9,EUR,4.3874,222.0,https://www.mediamarkt.es/es/product/_mvil-iphone-13-apple-medianoche-128-gb-61-95771724.html
2026-09-26,1604933,"Honor 400 Smart, Desert Gold, 256GB, 8GB RAM, 6.77"" TFT - LCD, Qualcomm® Snapdragon® 685 (6nm), 6500mAh",Honor,256 GB,199.0,,,EUR,4.4444,18.0,https://www.mediamarkt.es/es/product/_movil-honor-400-smart-desert-gold-256gb-8gb-ram-677-tft-lcd-qualcommr-snapdragonr-685-6nm-6500mah-1604933.html
2026-09-26,131131955,"GOOGLE PIXEL 8 6.2P/5G/8N/8+128GB/GR, Verde liquen, Móvil Android, 128 GB, 8 GB RAM, 6,2 "" OLED Full HD+, Google Tensor G3, 4,575 mAh",Google,128 GB,264.9,,,EUR,4.3611,36.0,https://www.mediamarkt.es/es/product/_movil-pixel-8-google-verde-liquen-128-gb-8-gb-62-oled-full-hd-google-tensor-g3-4575-mahmah-131131955.html
2026-09-26,1671353,"Google Pixel 11 Pro, Arenisca, 256GB, 12GB RAM, 6.34"" OLED, Google Tensor G6, 4850 mAh",Google,256 GB,1199.0,,,EUR,4.8409,44.0,https://www.mediamarkt.es/es/product/_google-pixel-11-pro-canyon-256gb-12gb-ram-634-oled-google-tensor-g6-4850-mah-1671353.html
2026-09-26,1671354,"Google Pixel 11 Pro, Obsidiana, 512GB, 16GB RAM, 6.34"" OLED, Google Tensor G6, 4850 mAh",Google,512 GB,1329.0,,,EUR,4.8444,45.0,https://www.mediamarkt.es/es/product/_google-pixel-11-pro-obsidiana-512gb-16gb-ram-634-oled-google-tensor-g6-4850-mah-1671354.html
2026-09-26,162258092,"XIAOMI C85 6,9P/4G/8N/8+256GB/B, Negro, Móvil Android, 256 GB, 8 GB RAM, 6,9 "" 120 Hz, Mediatek Helio G81 Ultra (12 nm), 6000 mAh",Xiaomi,256 GB,169.0,199.0,15.1,EUR,4.4286,7.0,https://www.mediamarkt.es/es/product/_poco-poco-c85-negro-movil-android-256-gb-8-gb-ram-69-mediatek-helio-g81-ultra-12-nm-6000-mah-162258092.html
2026-09-26,149593342,"SAMSUNG Galaxy A16, Negro, Móvil Android, 128 GB, 4 GB RAM, 6,7 "" Super AMOLED 6.7 pulgadas, 1080 x 2340 píxeles, 90 Hz, 387 PPI, MediaTek Helio G99, 5000 mAh",Samsung,128 GB,159.99,170.99,6.4,EUR,4.4826,777.0,https://www.mediamarkt.es/es/product/_samsung-galaxy-a16-black-movil-android-128-gb-4-gb-ram-67-super-amoled-octa-core-processor-5000-mah-149593342.html
2026-09-26,1619537,"Google Pixel 10a, Lavanda, 256GB, 8GB RAM, 6.3"" pOLED a 422,2 ppp, Google Tensor G4, 5100 mAh",Google,256 GB,499.0,649.0,23.1,EUR,4.8333,120.0,https://www.mediamarkt.es/es/product/_movil-google-pixel-10a-lavanda-256gb-8gb-ram-63-poled-a-4222-ppp-google-tensor-g4-5100-mah-1619537.html
2026-09-26,174100264,"SAMSUNG Galaxy A57 5G, Azul, Móvil Android, 256 GB, 8 GB RAM, 6,7 "" Super AMOLED Plus, Gorilla Glass Victus+, 120 Hz, Exynos 1680 (4 nm), 5000 mAh",Samsung,256 GB,419.46,503.35,16.7,EUR,4.7485,1014.0,https://www.mediamarkt.es/es/product/_samsung-galaxy-a57-5g-azul-movil-android-256-gb-8-gb-ram-67-exynos-1680-4-nm-174100264.html
2026-09-26,1604587,"OPPO Reno14F, Luminous Green, 256GB, 8GB RAM, 6.57"" 2.5D AMOLED, Snapdragon® 6 Gen 1 (4nm), 6000mAh",Oppo,256 GB,329.0,399.0,17.5,EUR,4.8438,32.0,https://www.mediamarkt.es/es/product/_movil-oppo-reno14f-luminous-green-256gb-8gb-ram-657-25d-amoled-snapdragonr-6-gen-1-4nm-6000mah-1604587.html
2026-09-26,1599764,"motorola edge 60, Gibraltar Sea, 512GB, 12GB RAM, 6.67"" pOLED, MediaTek Dimensity 7300, 5200 mAh",Motorola,512 GB,379.0,429.0,11.7,EUR,4.5824,170.0,https://www.mediamarkt.es/es/product/_movil-motorola-edge-60-gibraltar-sea-512-gb-12-gb-ram-667-poled-mediatek-dimensity-7300-5200-mah-1599764.html
2026-09-26,1608214,"motorola g06 power, Laurel Oak, 256 GB, 4 GB RAM, 6.88"" HD+ 120 Hz, MediaTek Helio G81 Extreme, 7000 mAh",Motorola,256 GB,139.0,,,EUR,4.7368,38.0,https://www.mediamarkt.es/es/product/_movil-motorola-g06-power-laurel-oak-256-gb-4-gb-ram-688-hd-120-hz-mediatek-helio-g81-extreme-7000-mah-1608214.html
2026-09-26,1618972,"motorola g06 power, Laurel Oak, 256 GB, 8 GB RAM, 6.88"" HD+ 120 Hz, MediaTek Helio G81 Extreme, 7000 mAh",Motorola,256 GB,159.0,,,EUR,4.7941,34.0,https://www.mediamarkt.es/es/product/_movil-motorola-g06-power-laurel-oak-256-gb-8-gb-ram-688-hd-120-hz-mediatek-helio-g81-extreme-7000-mah-1618972.html
2026-09-26,1669870,"Honor 600, Gold, 512GB, 8GB RAM, 6.57"" AMOLED, Plataforma Móvil Snapdragon 7 Gen 4, 6400 mAh",Honor,512 GB,529.0,649.0,18.5,EUR,4.7143,7.0,https://www.mediamarkt.es/es/product/_movil-honor-600-gold-512gb-8gb-ram-657-amoled-plataforma-movil-snapdragon-7-gen-4-6400-mah-1669870.html
2026-09-26,177679928,"OUKITEL C3-4-64, negro, Móvil Android, 64 GB, 4 GB RAM, 6,52 "", Quad-Core Processor, 5000 mAh",Oukitel,64 GB,79.99,199.99,60.0,EUR,5.0,1.0,https://www.mediamarkt.es/es/product/_oukitel-c3-4-64-negro-movil-android-64-gb-652-quad-core-processor-177679928.html
2026-09-26,184630019,"XIAOMI Redmi Note 8, Negro, Móvil Android, 64 GB, 4 GB RAM, 6,3 "" IPS, Gorilla Glass 5, Qualcomm Snapdragon, 665, 4000 mAh",Xiaomi,64 GB,999.0,,,EUR,,,https://www.mediamarkt.es/es/product/_xiaomi-redmi-note-8-negro-movil-android-64-gb-4-gb-ram-63-ips-gorilla-glass-5-qualcomm-snapdragon-665-4000-mah-184630019.html
2026-09-26,184726152,"XIAOMI 17T 5G 12GB 256GB, 6500 mAh, Violeta, Móvil Android, 256 GB, 12 GB RAM, 6,59 "" AMOLED, MediaTek Dimensity 8500-Ultra, Octa-Core, 6500 mAh",Xiaomi,12 GB,599.0,699.0,14.3,EUR,,,https://www.mediamarkt.es/es/product/_xiaomi-17t-5g-12gb-256gb-6500-mah-violeta-movil-android-256-gb-12-gb-ram-659-amoled-mediatek-dimensity-8500-ultra-octa-core-6500-mah-184726152.html
2026-09-26,184726153,"XIAOMI 17T Pro 5G 12GB 512GB, 7000 mAh, Violeta, Móvil Android, 512 GB, 12 GB RAM, 6,83 "" AMOLED, MediaTek Dimensity 9500, Octa-Core, 7000 mAh",Xiaomi,12 GB,749.0,849.0,11.8,EUR,,,https://www.mediamarkt.es/es/product/_xiaomi-17t-pro-5g-12gb-512gb-7000-mah-violeta-movil-android-512-gb-12-gb-ram-683-amoled-mediatek-dimensity-9500-octa-core-7000-mah-184726153.html
2026-09-26,184726154,"XIAOMI 17T 5G 12GB 256GB, 6500 mAh, Negro, Móvil Android, 256 GB, 12 GB RAM, 6,59 "" AMOLED, MediaTek Dimensity 8500-Ultra, Octa-Core, 6500 mAh",Xiaomi,12 GB,549.0,689.0,20.3,EUR,,,https://www.mediamarkt.es/es/product/_xiaomi-17t-5g-12gb-256gb-6500-mah-negro-movil-android-256-gb-12-gb-ram-659-amoled-mediatek-dimensity-8500-ultra-octa-core-6500-mah-184726154.html
2026-09-26,184726164,"XIAOMI 17T Pro 5G 12GB 512GB, 7000 mAh, Azul, Móvil Android, 512 GB, 12 GB RAM, 6,83 "" AMOLED, MediaTek Dimensity 9500, Octa-Core, 7000 mAh",Xiaomi,12 GB,749.0,849.0,11.8,EUR,,,https://www.mediamarkt.es/es/product/_xiaomi-17t-pro-5g-12gb-512gb-7000-mah-azul-movil-android-512-gb-12-gb-ram-683-amoled-mediatek-dimensity-9500-octa-core-7000-mah-184726164.html
2026-09-26,184726168,"XIAOMI 17T 5G 12GB 512GB, 6500 mAh, Blanco, Móvil Android, 512 GB, 12 GB RAM, 6,59 "" AMOLED, MediaTek Dimensity 8500-Ultra, Octa-Core, 6500 mAh",Xiaomi,12 GB,639.0,739.0,13.5,EUR,,,https://www.mediamarkt.es/es/product/_xiaomi-17t-5g-12gb-512gb-6500-mah-blanco-movil-android-512-gb-12-gb-ram-659-amoled-mediatek-dimensity-8500-ultra-octa-core-6500-mah-184726168.html
2026-09-26,1606129,"Apple iPhone 17, Verde salvia, 256 GB, 5G, 6.3"" OLED Super Retina XDR, Chip A19, iOS",Apple,256 GB,1079.0,1109.0,2.7,EUR,4.8196,920.0,https://www.mediamarkt.es/es/product/_apple-iphone-17-verde-salvia-256-gb-5g-63-oled-super-retina-xdr-chip-a19-ios-1606129.html
2026-09-26,1671779,"Xiaomi Redmi 17, Negro, 128 GB, 4 GB RAM, 6.9"" LCD HD+, MediaTek Helio G91-Ultr, 7500 mAh",Xiaomi,128 GB,175.2,219.0,20.0,EUR,2.5,2.0,https://www.mediamarkt.es/es/product/_movil-xiaomi-redmi-17-negro-128-gb-4-gb-ram-69-lcd-hd-mediatek-helio-g91-ultr-7500-mah-1671779.html
2026-09-26,1671814,"Xiaomi Redmi Note 17 Pro Max, Negro, 512GB, 8GB RAM, 6.83"" AMOLED 1.5K, Snapdragon 6 Gen 5, 9210 mAh",Xiaomi,512 GB,649.0,,,EUR,1.0,1.0,https://www.mediamarkt.es/es/product/_movil-xiaomi-redmi-note-17-pro-max-negro-512gb-8gb-ram-683-amoled-15k-snapdragon-6-gen-5-9210-mah-1671814.html
2026-09-26,1656051,"motorola moto g77, Black Olive, 256 GB, 8 GB RAM, 6.78 "" Extreme AMOLED, MediaTek Dimensity 6400 (6 nm), 5200 mAh",Motorola,256 GB,249.0,349.0,28.7,EUR,4.1176,17.0,https://www.mediamarkt.es/es/product/_movil-motorola-moto-g77-black-olive-256-gb-8-gb-ram-678-extreme-amoled-mediatek-dimensity-6400-6-nm-5200-mah-1656051.html
2026-09-26,1674363,"Apple iPhone 18 Pro Max, Burdeos, 2 TB, 6.9"" OLED Super Retina XDR, 5G, Chip A20 Pro, Siri AI, iOS",Apple,2 TB,3119.0,,,EUR,4.3333,6.0,https://www.mediamarkt.es/es/product/_apple-iphone-18-pro-max-burdeos-2-tb-69-oled-super-retina-xdr-5g-chip-a20-pro-siri-ai-ios-1674363.html
2026-09-26,1605106,"Xiaomi 15T, Negro, 256 GB, 12 GB RAM, 6.83"" AMOLED  WQHD+ Eye Care, MediaTek Dimensity 8400-Ultra, 5500 mAh",Xiaomi,256 GB,499.0,649.0,23.1,EUR,4.8487,119.0,https://www.mediamarkt.es/es/product/_movil-xiaomi-15t-negro-256-gb-12-gb-ram-683-amoled-wqhd-eye-care-mediatek-dimensity-8400-ultra-5500-mah-1605106.html
2026-09-26,1612755,"Xiaomi Redmi Note 15 Pro, Titanio, 256 GB, 8 GB RAM, 6.77"" AMOLED FHD+, MediaTek Helio G200–Ultra, 6500 mAh",Xiaomi,256 GB,319.0,349.0,8.6,EUR,4.4667,45.0,https://www.mediamarkt.es/es/product/_movil-xiaomi-redmi-note-15-pro-titanio-256-gb-8-gb-ram-677-amoled-fhd-mediatek-helio-g200ultra-6500-mah-1612755.html
2026-09-26,161626355,"SAMSUNG Galaxy A17 5G, Black, Móvil Android, 128 GB, 4 GB RAM, 6,7 "" Super AMOLED, 90 Hz, , 5000 mAh",Samsung,128 GB,188.98,226.78,16.7,EUR,4.2378,1329.0,https://www.mediamarkt.es/es/product/_samsung-galaxy-a17-5g-black-movil-android-128-gb-4-gb-ram-67-super-amoled-90-hz-5000-mah-161626355.html
2026-09-26,1671352,"Google Pixel 11 Pro, Verde oliva, 256GB, 12GB RAM, 6.34"" OLED, Google Tensor G6, 4850 mAh",Google,256 GB,1199.0,,,EUR,4.8409,44.0,https://www.mediamarkt.es/es/product/_google-pixel-11-pro-olive-256gb-12gb-ram-634-oled-google-tensor-g6-4850-mah-1671352.html
2026-09-26,1612752,"Xiaomi Redmi Note 15 5G, Púrpura, 512 GB, 12 GB RAM, 6.77"" AMOLED FHD+, Snapdragon 6 Gen 3, 5520 mAh",Xiaomi,512 GB,329.0,349.0,5.7,EUR,4.6984,126.0,https://www.mediamarkt.es/es/product/_movil-xiaomi-redmi-note-15-5g-purpura-512-gb-12-gb-ram-677-amoled-fhd-mediatek-helio-g100-ultra-6000-mah-1612752.html
2026-09-26,141509210,"GOOGLE PIXEL 8A 6.1P/5G/8N/8+128GB/BL, Azul, Móvil Android, 128 GB, 8 GB RAM, 6,1 "" OLED, Google Tensor G3 (4 nm), 4492 mAh",Google,128 GB,390.86,,,EUR,4.5887,124.0,https://www.mediamarkt.es/es/product/_movil-google-pixel-8a-azul-128-gb-8-gb-ram-61-google-tensor-g3-4-nm-android-141509210.html
2026-09-26,174460597,"XIAOMI Redmi A7 Pro, Azul, Móvil Android, 128 GB, 4 GB RAM, 6,9 "", , 6000 mAh",Xiaomi,128 GB,135.04,162.05,16.7,EUR,4.3333,6.0,https://www.mediamarkt.es/es/product/_xiaomi-redmi-a7-pro-azul-movil-android-128-gb-4-gb-ram-69-6000-mah-174460597.html
2026-09-26,143088802,"APPLE iPhone 15 6.1"" 128GB, Pink, Smartphone iOS, 128 GB, 11 "" Super Retina XDR, Ceramic Shield, Recubrimiento oleofóbico, Anti-huellas, Processor, 3350 mAh",Apple,128 GB,494.0,589.0,16.1,EUR,4.4545,22.0,https://www.mediamarkt.es/es/product/_movil-apple-1561321-iphone-15-pink-128gb-ypt-rosa-128-gb-61-chip-a16-bionic-ios-143088802.html
2026-09-26,1671783,"Xiaomi Redmi 17, Negro, 256 GB, 4 GB RAM, 6.9"" LCD HD+, MediaTek Helio G91-Ultr, 7500 mAh",Xiaomi,256 GB,199.2,249.0,20.0,EUR,2.5,2.0,https://www.mediamarkt.es/es/product/_movil-xiaomi-redmi-17-negro-256-gb-4-gb-ram-69-lcd-hd-mediatek-helio-g91-ultr-7500-mah-1671783.html
2026-09-26,149593356,"SAMSUNG SM-S931BZSGEUE, Silver Shadow, Móvil Android, 256 GB, 12 GB RAM, 6,2 "" Pantalla Dynamic AMOLED 2X de 6.2 pulgadas, resolución FHD+ (2340x1080 píxeles), frecuencia de actualización adaptativa de 1-120Hz, brillo máximo de 2600 nits, compatible con HDR10+, Always On Display, Gorilla Glass Victus 2., Qualcomm Snapdragon 8 Elite Octa-Core, 4000 mAh",Samsung,256 GB,679.87,815.84,16.7,EUR,4.7641,26712.0,https://www.mediamarkt.es/es/product/_movil-samsung-galaxy-s25-gris-256-gb-12-gb-ram-62-qualcomm-snapdragon-8-elite-3-nm-4000-mah-149593356.html
2026-09-26,1669871,"Honor 600, Naranja, 512GB, 8GB RAM, 6.57"" AMOLED, Plataforma Móvil Snapdragon 7 Gen 4, 6400 mAh",Honor,512 GB,529.0,649.0,18.5,EUR,4.7778,9.0,https://www.mediamarkt.es/es/product/_movil-honor-600-naranja-512gb-8gb-ram-657-amoled-plataforma-movil-snapdragon-7-gen-4-6400-mah-1669871.html
2026-09-26,179633628,"SAMSUNG Galaxy A27, Rosa Claro, Móvil Android, 128 GB, 6 GB RAM, 6,7 "" Super AMOLED (FHD+), Qualcomm Snapdragon 6 Gen 3, 5000 mAh",Samsung,128 GB,249.99,299.99,16.7,EUR,4.1282,78.0,https://www.mediamarkt.es/es/product/_samsung-galaxy-a27-rosa-claro-movil-android-128-gb-6-gb-ram-67-super-amoled-fhd-qualcomm-snapdragon-6-gen-3-5000-mah-179633628.html
2026-09-26,168376633,"HOTWAV Note 13 Max, Dorado, Móvil Android, 256 GB, 16 GB RAM, 6,8 "" LCD TFT, Unisoc T606, 5160 mAh",Hotwav,256 GB,129.99,399.99,67.5,EUR,4.1111,36.0,https://www.mediamarkt.es/es/product/_hotwav-note-13-max-dorado-movil-android-256-gb-16-gb-ram-68-lcd-tft-unisoc-t606-5160-mah-168376633.html
2026-09-26,161406690,"SAMSUNG Galaxy A17 5G, Gris, Móvil Android, 128 GB, 4 GB RAM, 6,7 "" Super AMOLED, 90 Hz, Exynos 1330 (5 nm), 5000 mAh",Samsung,128 GB,205.73,246.88,16.7,EUR,4.3471,340.0,https://www.mediamarkt.es/es/product/_samsung-galaxy-a17-5g-gris-movil-android-128-gb-4-gb-ram-67-exynos-1330-5-nm-161406690.html
2026-09-26,1604932,"Honor 400 Smart, Velvet Black, 256GB, 8GB RAM, 6.77"" TFT - LCD, Qualcomm® Snapdragon® 685 (6nm), 6500mAh",Honor,256 GB,199.0,,,EUR,4.2632,19.0,https://www.mediamarkt.es/es/product/_movil-honor-400-smart-velvet-black-256gb-8gb-ram-677-tft-lcd-qualcommr-snapdragonr-685-6nm-6500mah-1604932.html
2026-09-26,1674341,"Apple iPhone 18 Pro, Negro, 1 TB, 6.3"" OLED Super Retina XDR, 5G, Chip A20 Pro, Siri AI, iOS",Apple,1 TB,2219.0,,,EUR,5.0,8.0,https://www.mediamarkt.es/es/product/_apple-iphone-18-pro-negro-1-tb-63-oled-super-retina-xdr-5g-chip-a20-pro-siri-ai-ios-1674341.html
2026-09-26,1674342,"Apple iPhone 18 Pro, Plata, 1 TB, 6.3"" OLED Super Retina XDR, 5G, Chip A20 Pro, Siri AI, iOS",Apple,1 TB,2218.0,,,EUR,5.0,8.0,https://www.mediamarkt.es/es/product/_apple-iphone-18-pro-plata-1-tb-63-oled-super-retina-xdr-5g-chip-a20-pro-siri-ai-ios-1674342.html
2026-09-26,1612761,"Xiaomi Redmi Note 15 Pro 5G, Negro, 512 GB, 12 GB RAM, 6.83"" CrystalRes AMOLED, MediaTek Dimensity 7400-Ultra, 6580 mAh",Xiaomi,512 GB,429.0,,,EUR,4.566,159.0,https://www.mediamarkt.es/es/product/_movil-xiaomi-redmi-note-15-pro-5g-negro-512-gb-12-gb-ram-683-crystalres-amoled-mediatek-dimensity-7400-ultra-6500-mah-1612761.html
2026-09-26,1627852,"Xiaomi 17T Pro, Morado, 512 GB, 12 GB RAM, 6.83"" pOLED, MediaTek Dimensity 9500, 7000 mAh",Xiaomi,512 GB,899.0,999.0,10.0,EUR,4.8065,62.0,https://www.mediamarkt.es/es/product/_movil-xiaomi-17t-pro-morado-512-gb-12-gb-ram-683-poled-mediatek-dimensity-9500-7000-mah-1627852.html
2026-09-26,1671784,"Xiaomi Redmi 17, Azul, 256 GB, 4 GB RAM, 6.9"" LCD HD+, MediaTek Helio G91-Ultr, 7500 mAh",Xiaomi,256 GB,199.2,249.0,20.0,EUR,2.75,4.0,https://www.mediamarkt.es/es/product/_movil-xiaomi-redmi-17-azul-256-gb-4-gb-ram-69-lcd-hd-mediatek-helio-g91-ultr-7500-mah-1671784.html
2026-09-26,1674708,"motorola edge 70 fusion, Silhouette, 256GB, 12GB RAM, 6.78"" Extreme AMOLED, Qualcomm Snapdragon 7s Gen 3, 7000 mAh, Incluye Auriculares",Motorola,256 GB,499.0,,,EUR,,,https://www.mediamarkt.es/es/product/_motorola-edge-70-fusion-silhouette-256-gb-12-gb-ram-678-extreme-amoled-qualcomm-snapdragon-7s-gen-3-7000-mah-1674708.html
2026-09-26,1671357,"Google Pixel 11 Pro, Arenisca, 512GB, 16GB RAM, 6.34"" OLED, Google Tensor G6, 4850 mAh",Google,512 GB,1329.0,,,EUR,4.8409,44.0,https://www.mediamarkt.es/es/product/_google-pixel-11-pro-canyon-512gb-16gb-ram-634-oled-google-tensor-g6-4850-mah-1671357.html
2026-09-26,1671790,"Xiaomi Redmi 17 5G, Naranja Intenso, 256 GB, 4 GB RAM, 6.9"" LCD, Snapdragon® 4 Gen 5 con 5G, 7500 mAh",Xiaomi,256 GB,247.2,309.0,20.0,EUR,,,https://www.mediamarkt.es/es/product/_movil-xiaomi-redmi-17-5g-naranja-intenso-256-gb-4-gb-ram-69-lcd-snapdragonr-4-gen-5-con-5g-7500-mah-1671790.html
2026-09-26,1627485,"vivo Bundle X300 FE, Luxe Black, 512 GB, 12 GB RAM, 6.31"" AMOLED, Snapdragon® 8 Gen 5 Mobile, 6500 mAh",Vivo,512 GB,1079.0,1199.0,10.0,EUR,5.0,1.0,https://www.mediamarkt.es/es/product/_movil-vivo-bundle-x300-fe-luxe-black-512-gb-12-gb-ram-631-amoled-snapdragonr-8-gen-5-mobile-6500-mah-1627485.html
2026-09-26,142498340,"APPLE 1540182 IPHONE 14 RED 256GB, Rojo, Móvil iOS, 256 GB, 6 GB RAM, 6,1 "" OLED, Ceramic Shield, Recubrimiento oleofóbico, Anti-huellas, Chip A15 Bionic, 3279 mAh",Apple,256 GB,386.0,521.1,25.9,EUR,4.3963,217.0,https://www.mediamarkt.es/es/product/_movil-apple-iphone-14-rojo-256-gb-6-gb-ram-61-apple-a15-bionic-5-nm-3279-mah-ios-16-142498340.html
2026-09-26,1669869,"Honor 600, Negro, 512GB, 8GB RAM, 6.57"" AMOLED, Plataforma Móvil Snapdragon 7 Gen 4, 6400 mAh",Honor,512 GB,529.0,649.0,18.5,EUR,4.75,8.0,https://www.mediamarkt.es/es/product/_movil-honor-600-negro-512gb-8gb-ram-657-amoled-plataforma-movil-snapdragon-7-gen-4-6400-mah-1669869.html
2026-09-26,1671342,"Google Pixel 11, Obsidiana, 256GB, 12GB RAM, 6.3"" OLED, Google Tensor G6 , 4985 mAh",Google,256 GB,999.0,,,EUR,5.0,3.0,https://www.mediamarkt.es/es/product/_google-pixel-11-obsidiana-256gb-12gb-ram-63-oled-google-tensor-g6-4985-mah-1671342.html
2026-09-26,126337886,"APPLE iPhone 15, Black, Móvil iOS, 128 GB, 6 GB RAM, 6,1 "" Super Retina XDR, Ceramic Shield, Recubrimiento oleofóbico, Anti-huellas, Processor, 3349 mAh",Apple,128 GB,647.95,,,EUR,4.653,268.0,https://www.mediamarkt.es/es/product/_movil-apple-iphone-15-negro-128-gb-6-gb-ram-61-a16-bionic-3349-mah-126337886.html
2026-09-26,1671344,"Google Pixel 11, Pistacho, 256GB, 12GB RAM, 6.3"" OLED, Google Tensor G6 , 4985 mAh",Google,256 GB,999.0,,,EUR,5.0,3.0,https://www.mediamarkt.es/es/product/_google-pixel-11-pistachio-256gb-12gb-ram-63-oled-google-tensor-g6-4985-mah-1671344.html
2026-09-26,142498205,"APPLE iPhone 14 Pro, Negro, Móvil iOS, 256 GB, 6 GB RAM, 6,1 "" OLED, Ceramic Shield, 120 Hz, Recubrimiento oleofóbico, Anti-huellas, Chip A16 Bionic, 3,200 mAh",Apple,256 GB,548.9,648.9,15.4,EUR,4.1528,216.0,https://www.mediamarkt.es/es/product/_movil-apple-mq0t3qla-negro-256-gb-6-gb-ram-61-apple-a16-bionic-4-nm-3200-mah-ios-16-142498205.html
2026-09-26,1671781,"Xiaomi Redmi 17, Verde, 128 GB, 4 GB RAM, 6.9"" LCD HD+, MediaTek Helio G91-Ultr, 7500 mAh",Xiaomi,128 GB,175.2,219.0,20.0,EUR,3.5,4.0,https://www.mediamarkt.es/es/product/_movil-xiaomi-redmi-17-verde-128-gb-4-gb-ram-69-lcd-hd-mediatek-helio-g91-ultr-7500-mah-1671781.html
2026-09-26,1612753,"Xiaomi Redmi Note 15 Pro, Azul glaciar, 256 GB, 8 GB RAM, 6.77"" AMOLED FHD+, MediaTek Helio G200–Ultra, 6500 mAh",Xiaomi,256 GB,319.0,349.0,8.6,EUR,4.5349,43.0,https://www.mediamarkt.es/es/product/_movil-xiaomi-redmi-note-15-pro-azul-glaciar-256-gb-8-gb-ram-677-amoled-fhd-mediatek-helio-g200ultra-6500-mah-1612753.html
2026-09-26,1668774,"realme C71, Verde, 256 GB, 4 GB RAM, 6.67"" Eye Comfort 120Hz, UNISOC T7250, 6000 mAh",Realme,256 GB,149.0,169.0,11.8,EUR,4.5,2.0,https://www.mediamarkt.es/es/product/_movil-realme-c71-verde-256-gb-4-gb-ram-667-eye-comfort-120hz-unisoc-t7250-6000-mah-1668774.html
2026-09-26,132864479,"GOOGLE PIXEL 8 6.2P/5G/8N/8+128GB/B, Obsidiana, Móvil Android, 128 GB, 8 GB RAM, 6,2 "" OLED Full HD+, Google Tensor G3, 4,575 mAh",Google,128 GB,269.9,,,EUR,4.2542,59.0,https://www.mediamarkt.es/es/product/_movil-pixel-8-google-obsidiana-128-gb-8-gb-62-oled-full-hd-google-tensor-g3-4575-mahmah-132864479.html
2026-09-26,147662717,"SAMSUNG Galaxy A16 4G, Green, Móvil Android, 128 GB, 4 GB RAM, 6,7 "" Super AMOLED, Processor, 5000 mAh",Samsung,128 GB,160.0,170.12,5.9,EUR,4.498,755.0,https://www.mediamarkt.es/es/product/_movil-samsung-galaxy-a16-4g-verde-128-gb-4-gb-ram-67-mediatek-helio-g99-6-nm-android-147662717.html
2026-09-26,172798337,"SAMSUNG Galaxy S26 Ultra, blauw blauw, Móvil Android, 256 GB, 12 GB RAM, 6,9 "" Dynamic AMOLED 2X, Gorilla Glass Armor 2, 120 Hz, Octa-Core Processor, 5000 mAh",Samsung,256 GB,969.0,1049.0,7.6,EUR,4.7926,21849.0,https://www.mediamarkt.es/es/product/_samsung-galaxy-s26-ultra-blauw-blauw-movil-android-256-gb-12-gb-ram-69-dynamic-amoled-2x-gorilla-glass-armor-2-120-hz-octa-core-processor-5000-mah-172798337.html
2026-09-26,95771689,"APPLE 1518046 MLQ83QL/A IPHONE 13 PINK 256GB, Rosa, Móvil iOS, 256 GB, 4 GB RAM, 6,1 "" OLED, Ceramic Shield, Anti-huellas, Chip A15 Bionic, 3,227 mAh",Apple,256 GB,325.31,439.17,25.9,EUR,3.8137,102.0,https://www.mediamarkt.es/es/product/_mvil-iphone-13-apple-pink-256-gb-61--chi-95771689.html
2026-09-26,1671356,"Google Pixel 11 Pro, Verde oliva, 512GB, 16GB RAM, 6.34"" OLED, Google Tensor G6, 4850 mAh",Google,512 GB,1329.0,,,EUR,4.8409,44.0,https://www.mediamarkt.es/es/product/_google-pixel-11-pro-olive-512gb-16gb-ram-634-oled-google-tensor-g6-4850-mah-1671356.html
2026-09-26,1673264,"Samsung Galaxy A18 LTE, Negro, 128 GB, 4 GB RAM, 6.7"", FHD+ Super AMOLED, Exynos 1610, 5000 mAh, Android 17",Samsung,128 GB,229.0,279.0,17.9,EUR,1.0,1.0,https://www.mediamarkt.es/es/product/_samsung-galaxy-a18-lte-negro-128-gb-4-gb-ram-67-fhd-super-amoled-exynos-1610-5000-mah-android-17-1673264.html
2026-09-26,164365092,"HOTWAV Note 13 Max, Morado, smartphone Android, smartphone sin contrato, móvil barato, teléfono móvil, 24 meses de garantía, Móvil Android, 256 GB, 16 GB RAM, 6,8 "", Unisoc T606 (Octa-Core, 2x ARM Cortex-A75 + 6x ARM Cortex-A55, tecnología de proceso de 12 nm, 64 bits), 5160 mAh",Hotwav,256 GB,129.99,299.99,56.7,EUR,4.1111,36.0,https://www.mediamarkt.es/es/product/_hotwav-note-13-max-morado-smartphone-android-smartphone-sin-contrato-movil-barato-telefono-movil-24-meses-de-garantia-movil-android-256-gb-16-gb-ram-68-unisoc-t606-octa-core-2x-arm-cortex-a75-6x-arm-cortex-a55-tecnologia-de-proceso-de-12-nm-64-bits-5160-mah-164365092.html
2026-09-26,162258073,"SAMSUNG Galaxy A17, Azul claro, Móvil Android, 128 GB, 4 GB RAM, 6,7 "" Super AMOLED, MediaTek Helio G99, 5000 mAh",Samsung,128 GB,179.0,,,EUR,4.3986,419.0,https://www.mediamarkt.es/es/product/_samsung-galaxy-a17-azul-claro-movil-android-128-gb-4-gb-ram-67-super-amoled-mediatek-helio-g99-5000-mah-162258073.html
2026-09-26,95773577,"APPLE iPhone 13, Blanco, Móvil iOS, 128 GB, 4 GB RAM, 6,1 "" OLED, Ceramic Shield, Anti-huellas, Chip A15 Bionic, 3240 mAh",Apple,128 GB,317.9,417.9,23.9,EUR,4.3892,185.0,https://www.mediamarkt.es/es/product/_mvil-iphone-13-apple-starlight-128-gb-61-95773577.html
2026-09-26,1671713,"realme Note 70T, Negro Obsidiana, 128 GB, 4 GB RAM, 6.74 "" HD+, 90Hz, LCD, Unisoc T7250 de 8 núcleos, 6000 mAh",Realme,128 GB,139.0,169.0,17.8,EUR,5.0,2.0,https://www.mediamarkt.es/es/product/_movil-realme-note-70t-negro-obsidiana-128-gb-4-gb-ram-674-674-hd-90hz-lcd-unisoc-t7250-de-8-nucleos-6000-mah-1671713.html
2026-09-26,162268737,"XIAOMI Redmi 15 5G, Verde, Móvil Android, 128 GB, 4 GB RAM, 6,9 "" 144 Hz, Qualcomm Snapdragon 6s Gen 3 (6 nm), 7000 mAh",Xiaomi,128 GB,202.54,243.05,16.7,EUR,,,https://www.mediamarkt.es/es/product/_xiaomi-redmi-15-5g-verde-movil-hyperos-128-gb-4-gb-ram-69-144-hz-qualcomm-snapdragon-6s-gen-3-6-nm-7000-mah-162268737.html
2026-09-26,1671359,"Google Pixel 11 Pro XL, Obsidiana, 256GB, 12GB RAM, 6.8"" OLED, Google Tensor G6, 5115 mAh",Google,256 GB,1399.0,,,EUR,4.75,36.0,https://www.mediamarkt.es/es/product/_google-pixel-11-pro-xl-obsidiana-256gb-12gb-ram-68-oled-google-tensor-g6-5115-mah-1671359.html
2026-09-26,146563546,"APPLE iPhone 16 Pro, Negro, Móvil iOS, 128 GB, 8 GB RAM, 6,3 "" Super Retina XDR, Ceramic Shield, 120 Hz, Recubrimiento oleofóbico, Anti-huellas, Apple, A18 Pro",Apple,128 GB,785.92,1060.99,25.9,EUR,4.7867,150.0,https://www.mediamarkt.es/es/product/_movil-apple-iphone-16-pro-negro-128-gb-8-gb-ram-63-super-retina-xdrceramic-shield120-hzrecubrimiento-oleofobicoanti-huellas-applea18-pro-ios-18-146563546.html
2026-09-26,126337889,"APPLE 1561350 IPHONE 15 PRO BLACK 128GB-YPT, Negro, Móvil iOS, 128 GB, 8 GB RAM, 6,1 "" Super Retina XDR, Ceramic Shield, 120 Hz, Recubrimiento oleofóbico, Anti-huellas, Chip A17 Pro (CPU de 6 núcleos, GPU de 6 núcleos y Neural Engine de 16 núcleos), 3274 mAh",Apple,128 GB,620.22,876.15,29.2,EUR,3.5385,13.0,https://www.mediamarkt.es/es/product/_movil-15-pro-apple-negro-128-gb-8-gb-61-apple-a17-pro-3-nm-126337889.html
2026-09-26,162258146,"SAMSUNG A17 6.7P/4G/8N/4+128GB/BL, Azul, Móvil Android, 128 GB, 4 GB RAM, 6,7 "" FHD+, MediaTek Helio G99 (6 nm), 5000 mAh",Samsung,128 GB,177.96,213.55,16.7,EUR,4.4819,554.0,https://www.mediamarkt.es/es/product/_samsung-galaxy-a17-4g-azul-movil-android-128-gb-4-gb-ram-67-fhd-mediatek-helio-g99-6-nm-5000-mah-162258146.html
2026-09-26,146563633,"APPLE iPhone 15, Pink, Móvil iOS, 128 GB, 6 GB RAM, 6,1 "" Super Retina XDR, Ceramic Shield, Recubrimiento oleofóbico, Anti-huellas, Processor",Apple,128 GB,647.95,,,EUR,3.0,2.0,https://www.mediamarkt.es/es/product/_movil-apple-iphone-15-rosa-128-gb-61-super-retina-xdr-ceramic-shield-recubrimiento-oleofobico-anti-huellas-apple-a16-ios-17-146563633.html
2026-09-26,145496697,"APPLE iPhone 16 Pro Max, Negro, Móvil iOS, 256 GB, 8 GB RAM, 6,9 "" Super Retina XDR, Ceramic Shield, 120 Hz, Recubrimiento oleofóbico, Anti-huellas, A18 Pro, 4676 mAh",Apple,256 GB,888.99,1200.14,25.9,EUR,4.6692,130.0,https://www.mediamarkt.es/es/product/_apple-iphone-16-pro-max-noir-movil-ios-256-gb-8-gb-ram-69-super-retina-xdr-ceramic-shield-120-hz-recubrimiento-oleofobico-anti-huellas-apple-a18-pro-3-nm-hexa-core-2x405-ghz-4x242-ghz-145496697.html
2026-09-26,162258082,"SAMSUNG Galaxy S25 FE, Icyblue, Móvil Android, 256 GB, 8 GB RAM, 6,7 "" Dynamic AMOLED 2X, Exynos 2400, 4900 mAh",Samsung,256 GB,666.51,799.81,16.7,EUR,4.7446,4785.0,https://www.mediamarkt.es/es/product/_samsung-galaxy-s25-fe-icyblue-movil-android-256-gb-8-gb-ram-67-dynamic-amoled-2x-exynos-2400-4900-mah-162258082.html
2026-09-26,177298999,"XIAOMI 17T PRO, Blue, Móvil Android, 256 GB, 12 GB RAM, 6,8 "", , 7000 mAh",Xiaomi,256 GB,648.96,778.75,16.7,EUR,5.0,1.0,https://www.mediamarkt.es/es/product/_xiaomi-17t-pro-blue-movil-android-256-gb-12-gb-ram-68-7000-mah-177298999.html
2026-09-26,1617162,"OPPO A6 Pro 5G, Lunar Titanium, 256GB, 8GB RAM, 6.57"" AMOLED, Mediatek Dimensity 6300 (6nm), 6.500mAh, IP69, Pantalla AMOLED 120 Hz",Oppo,256 GB,299.0,,,EUR,4.7407,27.0,https://www.mediamarkt.es/es/product/_movil-oppo-a6-pro-lunar-titanium-256gb-8gb-ram-657-amoled-mediatek-dimensity-6300-6nm-6500mah-ip68-pantalla-amoled-120-hz-1617162.html
2026-09-26,141509141,"GOOGLE Pixel 8a, Black, Móvil Android, 128 GB, 8 GB RAM, 6,1 "" OLED, Processor, 4492 mAh",Google,128 GB,254.9,,,EUR,4.5,78.0,https://www.mediamarkt.es/es/product/_movil-google-pixel-8a-negro-128-gb-8-gb-ram-61-google-tensor-g3-4-nm-android-141509141.html
2026-09-26,1603780,"realme 14T 5G, Black, 256 GB, 8 GB, 6.67"" AMOLED 120 Hz, Dimensity 6300, 6000 mAh",Realme,256 GB,229.0,249.0,8.0,EUR,4.7273,11.0,https://www.mediamarkt.es/es/product/_movil-realme-14t-5g-black-256-gb-8-gb-667-amoled-120-hz-dimensity-6300-6000-mah-1603780.html
2026-09-26,1670469,"motorola edge 70 max, PANTONE Dark Shadow, 256 GB, 8 GB RAM, 6.82"" Extreme AMOLED, Snapdragon 8 Gen 5, 7100 mAh",Motorola,256 GB,599.0,699.0,14.3,EUR,4.0,14.0,https://www.mediamarkt.es/es/product/_movil-motorola-edge-70-max-pantone-dark-shadow-256-gb-8-gb-ram-682-extreme-amoled-snapdragon-8-gen-5-7100-mah-1670469.html
2026-09-26,1623982,"motorola moto g77, PANTONE Black Olive, 512GB, 8GB RAM, 6.8 "" Extreme AMOLED, MediaTek Dimensity 6400, 5200 mAh",Motorola,512 GB,299.0,399.0,25.1,EUR,4.6838,117.0,https://www.mediamarkt.es/es/product/_movil-motorola-moto-g77-pantone-black-olive-512gb-8gb-ram-68-extreme-amoled-mediatek-dimensity-6400-5200-mah-1623982.html
2026-09-26,94420957,"XIAOMI Redmi 9C, Gris, Móvil Android, 32 GB, 2 GB RAM, 6,53 "", MediaTek Helio G35 (12 nm); CPU: Octa-core 2.3 GHz Cortex-A53; GPU: PowerVR GE8320, 5000 mAh",Xiaomi,32 GB,104.7,123.15,15.0,EUR,5.0,1.0,https://www.mediamarkt.es/es/product/_mvil-redmi-9c-xiaomi-gris-32-gb-653--med-94420957.html
2026-09-26,174695235,"OPPO OPPO A6x 5G, Violeta, Móvil Android, 256 GB, 6 GB RAM, 6,75 "" LCD, HD, 120Hz, 1125nits, ediatek Dimensity 6300 (6nm), 6100 mAh",Oppo,256 GB,248.08,297.7,16.7,EUR,5.0,1.0,https://www.mediamarkt.es/es/product/_oppo-oppo-a6x-5g-violeta-movil-android-256-gb-6-gb-ram-675-lcd-hd-120hz-1125nits-ediatek-dimensity-6300-6nm-6100-mah-174695235.html
2026-09-26,164095626,"XIAOMI Redmi Note 14S, Negro, Móvil Android, 256 GB, 8 GB RAM, 6,67 "" AMOLED, Gorilla Glass 5, 120 Hz, Mediatek Helio G99 Ultra, 5000 mAh",Xiaomi,256 GB,202.0,255.0,20.8,EUR,,,https://www.mediamarkt.es/es/product/_xiaomi-redmi-note-14s-negro-movil-android-256-gb-8-gb-ram-667-amoled-gorilla-glass-5-120-hz-mediatek-helio-g99-ultra-5000-mah-164095626.html
2026-09-26,150876597,"OPPO RENO13F 6.67P/5G/8N/8+256GB/BL, Luminous Blue, Móvil Android, 256 GB, 8 GB RAM, 6,67 "" FHD+ AMOLED, Snapdragon 6 Gen 1, 5800 mAh",Oppo,256 GB,276.52,,,EUR,5.0,1.0,https://www.mediamarkt.es/es/product/_movil-oppo-reno13-f-luminous-blue-256-gb-8-gb-ram-667-fhd-amoled-snapdragon-6-gen-1-5800-mah-150876597.html
2026-09-26,174100265,"SAMSUNG Galaxy A37 5G, Verde, Móvil Android, 128 GB, 6 GB RAM, 6,7 "" Super AMOLED, Gorilla Glass Victus+, 120 Hz, Exynos 1480 (4 nm), 5000 mAh",Samsung,128 GB,275.0,,,EUR,4.7147,319.0,https://www.mediamarkt.es/es/product/_samsung-galaxy-a37-5g-verde-movil-android-128-gb-6-gb-ram-67-exynos-1480-4-nm-174100265.html
2026-09-26,174417665,"POCO X8 PRO 6,59P/5G/8N/8+256GB/W                      , Blanco, Móvil Android, 8 GB, 8 GB RAM, 6,59 "" AMOLED, Mediatek Dimensity 8500 Ultra (4 nm), 6500 mAh",Poco,256 GB,349.0,,,EUR,3.3333,3.0,https://www.mediamarkt.es/es/product/_poco-poco-x8-pro-blanco-movil-hyperos-8-gb-8-gb-ram-659-mediatek-dimensity-8500-ultra-4-nm-6500-mah-174417665.html
2026-09-26,173633813,"XIAOMI X8 PRO 6,59P/5G/8N/8+512GB/B                     , Negro, Móvil Android, 512 GB, 8 GB RAM, 6,59 "" AMOLED, Mediatek Dimensity 8500 Ultra (4 nm), 6500 mAh",Xiaomi,512 GB,369.0,,,EUR,4.875,24.0,https://www.mediamarkt.es/es/product/_xiaomi-poco-x8-pro-negro-movil-android-512-gb-8-gb-ram-659-mediatek-dimensity-8500-ultra-4-nm-173633813.html
2026-09-26,1673265,"Samsung Galaxy A18 LTE, Azul Claro, 128 GB, 4 GB RAM, 6.7"", FHD+ Super AMOLED, Exynos 1610, 5000 mAh, Android 17",Samsung,128 GB,229.0,279.0,17.9,EUR,1.0,1.0,https://www.mediamarkt.es/es/product/_samsung-galaxy-a18-lte-azul-claro-128-gb-4-gb-ram-67-fhd-super-amoled-exynos-1610-5000-mah-android-17-1673265.html
2026-09-26,149593227,"SAMSUNG GALAXY S25 ULTRA 6.9P/5G/8N/12+256GB/BL, Azul, Móvil Android, 256 GB, 12 GB RAM, 6,9 "" Dynamic AMOLED  3088x1440 WQHD+, Qualcomm, 5000 mAh",Samsung,256 GB,866.9,,,EUR,4.8114,45747.0,https://www.mediamarkt.es/es/product/_movil-samsung-galaxy-s25-ultra-azul-plata-256-gb-12-gb-ram-69-dynamic-amoled-2x-120-hz-qualcomm-snapdragon-8-elite-5000-mah-android-149593227.html
2026-09-26,126337853,"APPLE 1561354 IPHONE 15 PRO BLACK 256GB-YPT, Negro, Móvil iOS, 256 GB, 8 GB RAM, 6,1 "" Super Retina XDR, Ceramic Shield, 120 Hz, Recubrimiento oleofóbico, Anti-huellas, Chip A17 Pro (CPU de 6 núcleos, GPU de 6 núcleos y Neural Engine de 16 núcleos), 3274 mAh",Apple,256 GB,699.94,957.15,26.9,EUR,4.4545,11.0,https://www.mediamarkt.es/es/product/_movil-15-pro-apple-negro-256-gb-8-gb-61-apple-a17-pro-3-nm-126337853.html
2026-09-26,142487561,"APPLE 1561329 IPHONE 15 GREEN 256GB-YPT, Verde, Móvil iOS, 256 GB, 6,1 "" LCD, Chip A16 Bionic",Apple,256 GB,531.85,795.15,33.1,EUR,,,https://www.mediamarkt.es/es/product/_movil-apple-apple-iphone-15-61-256gb-verde-color-6-gb-1-gb-ram-61-lcd-1-142487561.html
2026-09-26,172080416,"XIAOMI 17 Ultra, Negro, Móvil Android, 512 GB, 16 GB RAM, 6,9 "" Hyper RGB OLED display, 8 Elite Gen 5, 6000 mAh",Xiaomi,512 GB,1125.97,1351.16,16.7,EUR,3.6667,6.0,https://www.mediamarkt.es/es/product/_xiaomi-17-ultra-negro-movil-hyperos-512-gb-16-gb-ram-69-hyper-rgb-oled-display-snapdragonr-8-elite-gen-5-mobile-platform-6000-mah-172080416.html
2026-09-26,1612754,"Xiaomi Redmi Note 15 Pro, Negro, 256 GB, 8 GB RAM, 6.77"" AMOLED FHD+, MediaTek Helio G200–Ultra, 6500 mAh",Xiaomi,256 GB,319.0,349.0,8.6,EUR,4.617,47.0,https://www.mediamarkt.es/es/product/_movil-xiaomi-redmi-note-15-pro-negro-256-gb-8-gb-ram-677-amoled-fhd-mediatek-helio-g200ultra-6500-mah-1612754.html
2026-09-26,142498249,"APPLE 1561371 IPHONE 15 PRO MAX WHITE 512GB-YPT, Blanco, Móvil iOS, 512 GB, 8 GB RAM, 6,7 "" Super Retina XDR, Ceramic Shield, 120 Hz, Recubrimiento oleofóbico, Anti-huellas, Chip A17 Pro (CPU de 6 núcleos, GPU de 6 núcleos y Neural Engine de 16 núcleos)",Apple,512 GB,850.39,,,EUR,5.0,1.0,https://www.mediamarkt.es/es/product/_movil-apple-iphone-15-pro-max-blanco-512-gb-8-gb-ram-67-apple-a17-pro-3-nm-17-142498249.html
2026-09-26,1671816,"Xiaomi Redmi Note 17 Pro Max, Verde, 512GB, 8GB RAM, 6.83"" AMOLED 1.5K, Snapdragon 6 Gen 5, 9210 mAh",Xiaomi,512 GB,649.0,,,EUR,1.0,1.0,https://www.mediamarkt.es/es/product/_movil-xiaomi-redmi-note-17-pro-max-verde-512gb-8gb-ram-683-amoled-15k-snapdragon-6-gen-5-9210-mah-1671816.html
2026-09-26,1667039,"motorola moto g87, Overture, 256 GB, 8 GB RAM, 6.78"" Extreme AMOLED, MediaTek Dimensity 6400, 5200 mAh",Motorola,256 GB,319.0,429.0,25.6,EUR,4.5974,77.0,https://www.mediamarkt.es/es/product/_movil-motorola-moto-g87-overture-256-gb-8-gb-ram-678-extreme-amoled-mediatek-dimensity-6400-5200-mah-1667039.html
2026-09-26,173633779,"XIAOMI X8 PRO 6,59P/5G/8N/12+512GB/GR                    , Verde, Móvil Android, 512 GB, 12 GB RAM, 6,59 "" AMOLED, Mediatek Dimensity 8500 Ultra (4 nm), 6500 mAh",Xiaomi,512 GB,399.0,,,EUR,4.875,24.0,https://www.mediamarkt.es/es/product/_xiaomi-poco-x8-pro-verde-movil-android-512-gb-12-gb-ram-659-mediatek-dimensity-8500-ultra-4-nm-173633779.html
2026-09-26,1608211,"motorola edge 70, Gadget Grey, 512 GB, 12 GB RAM, 6.67 "" Super HD pOLED AMOLED, Snapdragon® 7 Gen 4, 5200 mAh",Motorola,512 GB,466.0,799.0,41.7,EUR,4.7259,321.0,https://www.mediamarkt.es/es/product/_movil-motorola-edge-70-gadget-grey-512-gb-12-gb-ram-667-super-hd-poled-amoled-snapdragonr-7-gen-4-5200-mah-1608211.html
2026-09-26,108252826,"APPLE iPhone 14 Pro Max, Negro, Móvil iOS, 128 GB, 6 GB RAM, 6,7 "" OLED, Ceramic Shield, 120 Hz, Recubrimiento oleofóbico, Anti-huellas, Chip A16 Bionic, 4,323 mAh",Apple,128 GB,524.99,708.74,25.9,EUR,3.9796,98.0,https://www.mediamarkt.es/es/product/_-apple-iphone-14-pro-max-128-gb-67-space-schwarz-eu-mq9p3zd-a-apple-128-gb-67--108252826.html
2026-09-26,143420853,"GOOGLE PIXEL 9 6.1P/5G/8N/12+128GB/W, Porcelana, Móvil Android, 128 GB, 12 GB RAM, 6,3 "" Actua OLED, Google Tensor G4, 4700 mAh",Google,128 GB,441.9,,,EUR,4.8,40.0,https://www.mediamarkt.es/es/product/_movil-google-pixel-9-porcelana-128-gb-12-gb-ram-63-actua-oled-google-tensor-g4-4700-mah-android-143420853.html
2026-09-26,1604579,"OPPO Reno14, Luminous Green, 512 GB, 12 GB RAM, 6.59 "" 2.5D AMOLED, Mediatek Dimensity 8350 (4nm), 6000 mAh, IP69",Oppo,512 GB,529.0,649.0,18.5,EUR,4.7586,29.0,https://www.mediamarkt.es/es/product/_movil-oppo-reno14-luminous-green-512-gb-12-gb-ram-659-25d-amoled-mediatek-dimensity-8350-4nm-6000-mah-ip69-1604579.html
2026-09-26,1621937,"vivo Bundle V70 FE, Muse Purple, 512GB, 8GB RAM, 6.83"" AMOLED, Dimensity 7360-Turbo, 7000 mAh",Vivo,512 GB,469.0,549.0,14.6,EUR,4.8846,26.0,https://www.mediamarkt.es/es/product/_movil-vivo-bundle-v70-fe-muse-purple-512gb-8gb-ram-683-amoled-dimensity-7360-turbo-7000-mah-1621937.html
2026-09-26,1618646,"OPPO A6 5G, Sapphire Black, 256 GB, 6 GB RAM, 6.75"" LCD, Mediatek Dimensity 6300 (6nm), 6.500mAh",Oppo,256 GB,249.0,279.0,10.8,EUR,5.0,6.0,https://www.mediamarkt.es/es/product/_movil-oppo-a6-5g-sapphire-black-256-gb-6-gb-ram-675-lcd-mediatek-dimensity-6300-6nm-6500mah-1618646.html
2026-09-26,147052620,"APPLE iPhone  SE (3rd generation), Rojo, Móvil iOS, 64 GB, 64 MB RAM, 4,7 "" IPS, Anti-huellas, Processor",Apple,64 GB,269.95,,,EUR,5.0,1.0,https://www.mediamarkt.es/es/product/_movil-apple-iphone-se-rojo-128-gb-47-ipsanti-huellas-apple-ios-15-147052620.html
2026-09-26,95771335,"APPLE iPhone 13 Pro, Oro, Móvil iOS, 256 GB, 6 GB RAM, 6,1 "" OLED, Ceramic Shield, 120 Hz, Anti-huellas, Chip A15 Bionic, 3125 mAh",Apple,256 GB,441.32,646.65,31.8,EUR,4.0526,95.0,https://www.mediamarkt.es/es/product/_mvil-13-pro-apple-oro-256-gb-61--apple-a-95771335.html
2026-09-26,141509184,"GOOGLE PIXEL 8A 6.1P/5G/8N/8+128GB/BEIG, Blanco, Móvil Android, 128 GB, 8 GB RAM, 6,1 "" OLED, Google Tensor G3 (4 nm), 4492 mAh",Google,128 GB,254.9,,,EUR,4.5942,69.0,https://www.mediamarkt.es/es/product/_movil-google-pixel-8a-blanco-128-gb-8-gb-ram-61-google-tensor-g3-4-nm-android-141509184.html
2026-09-26,182809379,"SAMSUNG Galaxy S26 FE, Negro, Móvil Android, 256 GB, 8 GB RAM, 6,7 "" Dynamic AMOLED 2X FHD+, Exynos 2500 (3 nm), 4900 mAh",Samsung,256 GB,729.0,899.0,18.9,EUR,4.8916,166.0,https://www.mediamarkt.es/es/product/_samsung-galaxy-s26-fe-negro-movil-android-256-gb-8-gb-ram-67-dynamic-amoled-2x-fhd-exynos-2500-3-nm-4900-mah-182809379.html
2026-09-26,1603779,"realme 14T 5G, Purple, 256 GB, 8 GB, 6.67"" AMOLED 120 Hz, Dimensity 6300, 6000 mAh",Realme,256 GB,249.0,299.99,17.0,EUR,4.7273,11.0,https://www.mediamarkt.es/es/product/_movil-realme-14t-5g-purple-256-gb-8-gb-667-amoled-120-hz-dimensity-6300-6000-mah-1603779.html
2026-09-26,168280961,"XIAOMI REDMI NOTE 15 6,77P/5G/8N/12+512GB/B            , Negro, Móvil Sistema operativo propietario, 512 GB, 12 GB RAM, 6,77 "" AMOLED FHD+, MediaTek Helio G100-Ultra, 6000 mAh",Xiaomi,512 GB,318.63,382.36,16.7,EUR,,,https://www.mediamarkt.es/es/product/_xiaomi-redmi-note-15-5g-negro-movil-sistema-operativo-propietario-512-gb-12-gb-ram-677-amoled-fhd-mediatek-helio-g100-ultra-6000-mah-168280961.html
2026-09-26,95974794,"XIAOMI 12 Lite 5G, Verde, Móvil Desconocido, 128 GB, 8 GB RAM, 6,55 "" AMOLED, Gorilla Glass 5, 120 Hz, Qualcomm Snapdragon 778G 5G (6 nm), 4300 mAh",Xiaomi,128 GB,183.06,213.1,14.1,EUR,5.0,2.0,https://www.mediamarkt.es/es/product/_mvil-12-lite-5g-xiaomi-verde-128-gb-655-95974794.html
2026-09-26,163279949,"HONOR 400 Smart 4G, Bicolor, Smartphone Android, 128 GB, 6 GB RAM, 6,77 "" 120 Hz, 685, 6500 mAh",Honor,128 GB,125.0,159.0,21.4,EUR,4.0,3.0,https://www.mediamarkt.es/es/product/_honor-400-smart-4g-black-smartphone-android-12800-gb-6-gb-ram-677-octa-core-processor-6500-mah-163279949.html
2026-09-26,136881817,"SAMSUNG Galaxy A15 5G, Negro, Móvil Android, 128 GB, 4 GB RAM, 6,5 "" Super AMOLED, 90 Hz, Mediatek Dimensity 6100+ (6 nm), 5000 mAh",Samsung,128 GB,199.0,,,EUR,4.1358,1436.0,https://www.mediamarkt.es/es/product/_movil-galaxy-a15-5g-samsung-negro-128-gb-4-gb-65-mediatek-dimensity-6100-6-nm-136881817.html
2026-09-26,150876661,"SAMSUNG Galaxy A36, Verde, Móvil Android, 256 GB, 8 GB RAM, 6,7 "" Super AMOLED, Gorilla Glass 7, 120 Hz, Qualcomm SM6475-AB Snapdragon 6 Gen 3 - 4 nm - Octa-core (4x2.4 GHz Cortex-A78 & 4x1.8 GHz Cortex-A55), 5000 mAh",Samsung,256 GB,305.99,369.99,17.3,EUR,4.4948,2969.0,https://www.mediamarkt.es/es/product/_movil-samsung-sm-a366blggeub-lima-256-gb-8-gb-ram-67-fhd-super-amoled-qualcomm-snapdragon-6-gen-3-5000-mah-150876661.html
2026-09-26,168376637,"HOTWAV Note 13 Max, Violeta, Móvil Android, 256 GB, 16 GB RAM, 6,8 "" LCD TFT, Unisoc T606, 5160 mAh",Hotwav,256 GB,129.99,399.99,67.5,EUR,4.1111,36.0,https://www.mediamarkt.es/es/product/_hotwav-note-13-max-violeta-movil-android-256-gb-16-gb-ram-68-lcd-tft-unisoc-t606-5160-mah-168376637.html
2026-09-26,148419230,"SAMSUNG SM-A165FZABEUE, Gris, Móvil Android, 128 GB, 4 GB RAM, 6,7 "" Super AMOLED, Processor, 5000 mAh",Samsung,128 GB,159.99,207.0,22.7,EUR,4.4764,741.0,https://www.mediamarkt.es/es/product/_samsung-sm-a165fzabeue-grey-movil-android-128-gb-4-gb-ram-67-super-amoled-octa-core-processor-5000-mah-148419230.html
2026-09-26,161626263,"SAMSUNG Galaxy A17 5G, Blue, Móvil Android, 128 GB, 4 GB RAM, 6,7 "" Super AMOLED, 90 Hz, , 5000 mAh",Samsung,128 GB,196.98,236.38,16.7,EUR,4.2668,1548.0,https://www.mediamarkt.es/es/product/_samsung-galaxy-a17-5g-blue-movil-android-128-gb-4-gb-ram-67-super-amoled-90-hz-5000-mah-161626263.html
2026-09-26,174517666,"ONEPLUS OnePlus Nord 6, Verde, Smartphone Android, 512 GB, 12 GB RAM, 6,78 "", Snapdragon 8s Gen 4, 7500 mAh",Oneplus,512 GB,521.99,626.39,16.7,EUR,4.7273,33.0,https://www.mediamarkt.es/es/product/_oneplus-oneplus-nord-6-verde-smartphone-android-512-gb-12-gb-ram-678-snapdragon-8s-gen-4-7500-mah-174517666.html
2026-09-26,174326512,"TCL NXTPAPER 70 Pro 5G, Azul, Móvil Android, 256 GB, 8 GB RAM, 6,9 "", MediaTek Dimensity7300, 5200 mAh",Tcl,256 GB,256.45,307.74,16.7,EUR,,,https://www.mediamarkt.es/es/product/_tcl-nxtpaper-70-pro-5g-stellar-blue-movil-android-256-gb-8-gb-ram-69-mediatek-dimensity7300-5200-mah-174326512.html
2026-09-26,162743655,"XIAOMI 15T PRO 6.83P/5G/8N/12+512GB/MOCHA, Rosa Oro, Móvil Android, 512 GB, 12 GB RAM, 6,83 "" AMOLED WQHD+ Eye Care, MediaTek Dimensity 9400+, 5550 mAh",Xiaomi,512 GB,660.0,792.0,16.7,EUR,4.8333,30.0,https://www.mediamarkt.es/es/product/_xiaomi-15t-pro-rosa-oro-movil-android-512-gb-12-gb-ram-683-amoled-wqhd-eye-care-mediatek-dimensity-9400-5500-mah-162743655.html
2026-09-26,126337885,"APPLE iPhone 15, Negro, Móvil iOS, 256 GB, 6 GB RAM, 6,1 "" Super Retina XDR, Ceramic Shield, Recubrimiento oleofóbico, Anti-huellas, Chip A16 Bionic, 3500 mAh",Apple,256 GB,1012.24,1113.46,9.1,EUR,4.75,16.0,https://www.mediamarkt.es/es/product/_movil-15-apple-negro-256-gb-6-gb-61-apple-a16-bionic-4-nm-126337885.html
2026-09-26,174417686,"XIAOMI POCO X8 Pro, Blanco, Móvil Android, 12 GB, 12 GB RAM, 6,59 "" AMOLED, Mediatek Dimensity 8500 Ultra (4 nm), 6500 mAh",Xiaomi,12 GB,399.0,,,EUR,5.0,1.0,https://www.mediamarkt.es/es/product/_xiaomi-poco-x8-pro-blanco-movil-android-12-gb-12-gb-ram-659-mediatek-dimensity-8500-ultra-4-nm-6500-mah-174417686.html
2026-09-26,151987775,"SAMSUNG Galaxy A36 5G, Negro, Móvil Android, 256 GB, 8 GB RAM, 6,7 "" Super AMOLED, Gorilla Glass 7, 120 Hz, Qualcomm SM6475-AB Snapdragon 6 Gen 3 - 4 nm - Octa-core (4x2.4 GHz Cortex-A78 & 4x1.8 GHz Cortex-A55), 5000 mAh",Samsung,256 GB,299.99,329.99,9.1,EUR,4.6367,1057.0,https://www.mediamarkt.es/es/product/_movil-samsung-galaxy-a36-5g-negro-25600-gb-8-gb-ram-67-qualcomm-snapdragon-6-gen-3-4-nm-151987775.html
2026-09-26,183638878,"LAGENIO Rhino 1 Pro, Negro, Móvil Android, 256 GB, 8 GB RAM, 6,9 "", T615 12nm Octa Core 2*A75+6*A55 1.8GHz, 12000 mAh",Lagenio,256 GB,285.99,,,EUR,,,https://www.mediamarkt.es/es/product/_lagenio-rhino-1-pro-negro-movil-android-256-gb-8-gb-ram-69-t615-12nm-octa-core-2a756a55-18ghz-12000-mah-183638878.html
2026-09-26,1674361,"Apple iPhone 18 Pro Max, Negro, 2 TB, 6.9"" OLED Super Retina XDR, 5G, Chip A20 Pro, Siri AI, iOS",Apple,2 TB,3119.0,,,EUR,4.3333,6.0,https://www.mediamarkt.es/es/product/_apple-iphone-18-pro-max-negro-2-tb-69-oled-super-retina-xdr-5g-chip-a20-pro-siri-ai-ios-1674361.html
2026-09-26,1674346,"Apple iPhone 18 Pro, Plata, 2 TB, 6.3"" OLED Super Retina XDR, 5G, Chip A20 Pro, Siri AI, iOS",Apple,2 TB,2969.0,,,EUR,5.0,8.0,https://www.mediamarkt.es/es/product/_apple-iphone-18-pro-plata-2-tb-63-oled-super-retina-xdr-5g-chip-a20-pro-siri-ai-ios-1674346.html
2026-09-26,1674344,"Apple iPhone 18 Pro, Azul glaciar, 1 TB, 6.3"" OLED Super Retina XDR, 5G, Chip A20 Pro, Siri AI, iOS",Apple,1 TB,2218.0,,,EUR,5.0,8.0,https://www.mediamarkt.es/es/product/_apple-iphone-18-pro-azul-glaciar-1-tb-63-oled-super-retina-xdr-5g-chip-a20-pro-siri-ai-ios-1674344.html
2026-09-26,162799775,"APPLE iPhone 17 Pro, Plata, Móvil iOS, 1 TB, 12 GB RAM, 6,3 "" Super Retina XDR, Ceramic Shield 2, 120 Hz, Recubrimiento oleofóbico, Anti-huellas, A19 Pro, 3998 mAh",Apple,1 TB,1861.57,2047.73,9.1,EUR,4.6731,104.0,https://www.mediamarkt.es/es/product/_apple-mg8p4qla-plata-movil-ios-1-tb-12-gb-ram-63-super-retina-xdr-ceramic-shield-2-120-hz-recubrimiento-oleofobico-anti-huellas-apple-a19-pro-3-nm-3998-mah-162799775.html
2026-09-26,143088805,"APPLE iPhone 15 6.1"" 128GB, Yellow, Móvil iOS, 128 GB, 6,1 "" Super Retina XDR, Ceramic Shield, Recubrimiento oleofóbico, Anti-huellas, Processor",Apple,128 GB,454.0,589.0,22.9,EUR,5.0,1.0,https://www.mediamarkt.es/es/product/_movil-apple-1561322-iphone-15-yellow-128gb-ypt-amarillo-128-gb-61-chip-a16-bionic-143088805.html
2026-09-26,134569747,"APPLE iPhone 15 Pro, Negro, Móvil iOS, 256 GB, 8 GB RAM, 6,1 "" Super Retina XDR, Ceramic Shield, 120 Hz, Recubrimiento oleofóbico, Anti-huellas, A17 Pro Chip, 3274 mAh",Apple,256 GB,699.94,957.15,26.9,EUR,4.5714,49.0,https://www.mediamarkt.es/es/product/_smartphone-iphone-15-pro-negro-256-gb-ram-8-gb-apple-negro-256-gb-61-a17-pro-chip-3274-mahmah-134569747.html
2026-09-26,126337856,"APPLE 1561335 IPHONE 15 PLUS BLACK 128GB-YPT, Negro, Móvil iOS, 128 GB, 6 GB RAM, 6,7 "" LCD, Chip A16 Bionic, 3500 mAh",Apple,128 GB,488.81,659.89,25.9,EUR,4.8,5.0,https://www.mediamarkt.es/es/product/_movil-15-plus-apple-negro-128-gb-6-gb-67-apple-a16-bionic-4-nm-126337856.html
2026-09-26,1672524,"Samsung Galaxy S26 FE, Pistacho, 128GB, 8GB RAM, 6.7"" Dynamic AMOLED 2X FHD+, Exynos 2500, 4900 mAh",Samsung,128 GB,799.0,,,EUR,4.8916,166.0,https://www.mediamarkt.es/es/product/_movil-samsung-galaxy-s26-fe-pistacho-128gb-8gb-ram-67-dynamic-amoled-2x-fhd-exynos-2500-4900-mah-1672524.html
2026-09-26,126337769,"APPLE 1561368 IPHONE 15 PRO MAX NATURAL 256GB-YPT, Gris, Móvil iOS, 256 GB, 8 GB RAM, 6,7 "" Super Retina XDR, Ceramic Shield, 120 Hz, Recubrimiento oleofóbico, Anti-huellas, Chip A17 Pro (CPU de 6 núcleos, GPU de 6 núcleos y Neural Engine de 16 núcleos), 4441 mAh",Apple,256 GB,757.9,857.9,11.7,EUR,4.5,6.0,https://www.mediamarkt.es/es/product/_movil-15-pro-max-apple-gris-256-gb-8-gb-67-apple-a17-pro-3-nm-126337769.html
2026-09-26,95772217,"APPLE 1518040 MLPH3QL/A IPHONE 13 PINK 128GB, Rosa, Móvil iOS, 128 GB, 4 GB RAM, 6,1 "" OLED, Ceramic Shield, Anti-huellas, Chip A15 Bionic, 3240 mAh",Apple,128 GB,311.0,,,EUR,4.1869,198.0,https://www.mediamarkt.es/es/product/_mvil-iphone-13-apple-pink-128-gb-61--chi-95772217.html
2026-09-26,1627848,"Xiaomi 17T, Morado, 256GB, 12GB RAM, 6.59"" POLED, MediaTek Dimensity 8500 - Ultra de 4 nm, 6500mAh",Xiaomi,256 GB,649.0,749.0,13.4,EUR,4.8868,53.0,https://www.mediamarkt.es/es/product/_movil-xiaomi-17t-morado-256gb-12gb-ram-659-poled-mediatek-dimensity-8500-ultra-de-4-nm-6500mah-1627848.html
2026-09-26,95772722,"APPLE iPhone 13 Midnight, Negro, Móvil iOS, 256 GB, 4 GB RAM, 6,1 "" OLED, Ceramic Shield, Anti-huellas, Chip A15 Bionic, 3240 mAh",Apple,256 GB,333.86,450.71,25.9,EUR,4.3621,174.0,https://www.mediamarkt.es/es/product/_mvil-iphone-13-apple-midnight-256-gb-61-95772722.html
2026-09-26,1671345,"Google Pixel 11, Fucsia, 256GB, 12GB RAM, 6.3"" OLED, Google Tensor G6 , 4985 mAh",Google,256 GB,999.0,,,EUR,5.0,4.0,https://www.mediamarkt.es/es/product/_google-pixel-11-hibiscus-256gb-12gb-ram-63-oled-google-tensor-g6-4985-mah-1671345.html
2026-09-26,1671815,"Xiaomi Redmi Note 17 Pro Max, Blanco, 512GB, 8GB RAM, 6.83"" AMOLED 1.5K, Snapdragon 6 Gen 5, 9210 mAh",Xiaomi,512 GB,649.0,,,EUR,1.0,1.0,https://www.mediamarkt.es/es/product/_movil-xiaomi-redmi-note-17-pro-max-blanco-512gb-8gb-ram-683-amoled-15k-snapdragon-6-gen-5-9210-mah-1671815.html
